Date,Open,High,Low,Close,Volume,Market Cap
Jan-07-2022,40.18533424154477,44.472,38.148084407478215,38.4567,4621809476.444445,9350588950.910963
Jan-06-2022,38.6295,41.2153,35.6782,39.84360568934614,3595733586.6666665,8571138960.415211
Jan-05-2022,42.09094114883191,43.03316781039847,34.7843,39.0045,3193832343.111111,9093642334.887383
Jan-04-2022,39.262,43.72499580683028,37.57277269883421,41.94374932424366,3224921545.7777777,9156021109.112137
Jan-03-2022,35.596,39.57085766686314,34.31971557458071,39.4066,1733616355.1111112,8337951274.1296215
Jan-02-2022,36.1759,36.6706,34.2609,35.6008,2095201333.3333333,7996235242.468584
Jan-01-2022,32.50677026683643,36.953916632459546,32.44428635546982,36.034,2230715290.2222223,7819238099.058024
Dec-31-2021,30.2345,33.1826,30.2345,32.486193044285706,1691153056.4444444,7123782494.798052
Dec-30-2021,27.93181477305156,30.417866159027795,26.63172664287509,30.2511,1422192960,6482192537.874228
Dec-29-2021,26.6065,27.9113559207294,25.29953305288402,27.9113559207294,1023038774.6666666,6049147838.2614565
Dec-28-2021,29.691186870137116,29.691186870137116,26.291225906304685,26.7368,1092472542.2222223,6362164407.993995
Dec-27-2021,32.194709389361606,32.558472729433355,29.640645970825137,29.640645970825137,1103832223.1111112,7088370026.14024
Dec-26-2021,29.651551990336227,32.07396335540942,28.687,32.03034487254726,1020682486.8888888,6943858045.8123
Dec-25-2021,26.8917,29.556407876580877,26.7351,29.556407876580877,606191023.7777778,6261607199.48557
Dec-24-2021,28.365257005443837,29.673688248280587,26.8553,26.8906,799858733.3333334,6418333750.673129
Dec-23-2021,27.3276,28.79393220163284,26.619134228304805,28.49539040110548,1462737664,6242285434.464463
Dec-22-2021,23.5472,28.36854694811249,23.42994000595069,27.33044687986735,799165777.6666666,5840337802.643247
Dec-21-2021,21.520056021350104,23.5171,21.520056021350104,23.487,434144738.6666667,5100401851.273296
Dec-20-2021,22.194650079372337,22.39453077519092,20.78718997471317,21.51659594877159,431452697.2222222,4881329894.782451
Dec-19-2021,23.16737046810172,23.66793798366225,22.12138768772331,22.1608,464596371.4685315,5192800371.870248
Dec-18-2021,21.23905195220068,22.973,20.99525157780624,22.858463843808792,406902020.73239434,4924519109.780093
Dec-17-2021,21.7467,22.0471,20.546469648909024,21.365877491025778,408340070,4871708597.516811
Dec-16-2021,22.289,23.367600744758075,21.716,21.808,592263921.2222222,5105894179.794367
Dec-15-2021,21.79307836272461,22.812419669841734,20.3099,22.2964,505969720.6666667,4909847402.398991
Dec-14-2021,21.7791,22.08593894734312,21.0467,21.75152806012529,607086256.6132404,4894773342.774656
Dec-13-2021,24.5683176227652,24.88116388941991,21.2,21.8217,504111985.18727916,5208867032.220254
Dec-12-2021,24.38376527006486,25.039373031956625,23.576516699649755,24.63247302563343,626848528.1111112,5511574063.678986
Dec-11-2021,22.5657,24.707542038967464,22.135,24.38053547338052,746213897.5555556,5351319569.875704
Dec-10-2021,22.51932405916508,23.831648800936463,21.9812,22.707,593393510.8013937,5199517073.435157
Dec-09-2021,25.236977492765792,25.39850603354239,22.6392,22.65882406469582,719262086.4444444,5413644251.140747
Dec-08-2021,24.299179247792512,25.86044327604271,23.0685,25.33129337344364,736900214.2222222,5519503775.76613
Dec-07-2021,24.424180926526315,25.3725,23.8611,24.250126420502703,987626646.2222222,5559925692.120387
Dec-06-2021,24.6567,24.75809648040872,22.1681,24.287049629417027,1149355931.7777777,5290422458.419465
Dec-05-2021,28.190602816108456,28.992471555655303,23.8273,24.6025,1705685220.8888888,5914758564.385812
Dec-04-2021,32.6799,32.6799,23.8244,27.87349668096116,3362130325.3333335,6172806164.681311
Dec-03-2021,28.415376641039305,33.5091,27.79790095824315,32.7395,1505807099.7777777,6887462418.600494
Dec-02-2021,26.7021,28.524447912286707,25.816383298548114,28.38743491157251,512301720.4444444,6002884656.865251
Dec-01-2021,27.57336212247712,28.2408,26.40639294633997,26.6461,559244522.2222222,6194420779.193681
Nov-30-2021,28.123668802746828,29.2621,27.0898,27.598254381035517,594938264.6666666,6354117097.262566
Nov-29-2021,27.406619171616374,28.384107595175053,26.819019273610312,28.1505289694273,483481008.5555556,6168557505.828579
Nov-28-2021,26.767094345929756,27.540949170117127,25.0308,27.40978706483093,449505087,5887273731.060912
Nov-27-2021,26.974612925320724,28.025407133120204,26.53442033793832,26.666430222188207,749383037.5555556,6189464585.496276
Nov-26-2021,29.75878163026471,30.243061272491,25.327582815111416,26.982653006563847,823923410.6666666,6234242304.124587
Nov-25-2021,29.6641,30.8905,29.3916,29.74345256519725,617997320.6666666,6793167813.781443
Nov-24-2021,32.14403241424415,32.14403241424415,29.363838215511315,29.6262,847441560.6666666,6831875957.39915
Nov-23-2021,32.123870774862205,33.159012826806055,30.9421,32.21195418974521,1568803318.6666667,7201741206.123469
Nov-22-2021,31.04868762570112,33.71978760643676,29.139228850879544,32.2285,1197417586.5734265,7032003954.817658
Nov-21-2021,29.425833955451765,31.9536,28.40639099098348,31.112265348340507,471128292.2222222,6612465009.985859
Nov-20-2021,28.148021401765977,29.74858894452352,28.02226086906463,29.511302414340832,454423217.4444444,6471460263.600955
Nov-19-2021,26.66626137541501,28.499490824541315,26.1332,28.1216821713273,717883912.1111112,6186998077.197222
Nov-18-2021,29.3914,29.7328,25.7503,26.4127,706982154.8888888,6266848545.420144
Nov-17-2021,28.3898874262868,29.59519579642652,27.0649,29.4561,805199416.2222222,6361635981.846116
Nov-16-2021,31.4738,31.4738,28.093,28.4659,903474252.2222222,6590081347.860451
Nov-15-2021,31.89648574837022,33.6024,31.436655657615145,31.546969549895664,561876963.6923077,7332179236.16482
Nov-14-2021,32.5464,33.07622102098419,31.2039,31.848279970027665,388233898.815331,7205139408.0209675
Nov-13-2021,32.085285263020005,33.1095124204254,32.034482821634086,32.5636824529686,515862869.9651568,7288545500.279981
Nov-12-2021,33.003641679740795,33.003641679740795,30.725669457777325,32.14034623945613,681633450.4444444,7211175739.91994
Nov-11-2021,32.168705814104634,33.97636462724215,31.829544130830406,33.04601713437912,1445569095.1111112,7433908733.59865
Nov-10-2021,35.79997803693933,37.26695650119678,29.3861,32.03206856966032,757731872.8888888,7948914684.79206
Nov-09-2021,36.68547332176619,37.9488,35.68522550588889,35.7303,820586884.9059234,8213670110.782247
Nov-08-2021,35.722264919613124,36.7885,35.107270920742295,36.68691741197656,616211725.6503496,8119465484.356491
Nov-07-2021,36.27782239605378,36.49766624997199,35.6039,35.70420241800166,522187498.6666667,8076433405.765204
Nov-06-2021,36.87217318865756,36.99566540080829,34.4113,36.28091746251869,621470558.8888888,8081033311.616209
Nov-05-2021,37.5439890239407,38.85213723945668,36.4825,36.94761194816645,805948779.5555556,8420343182.302394
Nov-04-2021,38.45575464406177,39.11540072109805,36.4329,37.50259221139292,1073682927.1111112,8444232614.97582
Nov-03-2021,37.03879781902376,38.4805942456022,35.76309234884532,38.4805942456022,872829849.3333334,8260888157.657162
Nov-02-2021,37.37981040567502,38.2636148222038,36.3827,37.00438361122282,757783147.7073171,8345036574.79291
Nov-01-2021,37.31398261752095,38.0259,34.882299682902385,37.47841609400736,829225546.6666666,8261466113.015508
Oct-31-2021,37.298191266942176,37.6685,35.45461781065963,37.46397467847902,677506210.2222222,8222797354.747314
Oct-30-2021,39.4564154582593,39.4564154582593,36.4128818370864,37.16236691153557,886244762.6666666,8507137646.271871
Oct-29-2021,38.08874261502376,40.957606732777535,38.08874261502376,39.39204304010777,1222853145.7777777,8783555791.876123
Oct-28-2021,36.7874,40.53795752105374,36.3222,38.07648034620537,1890508967.1111112,8670988489.268848
Oct-27-2021,43.1372,43.1372,35.88065332916586,37.0506,3034781051.5555553,8660120950.981136
Oct-26-2021,35.29832837868664,42.7996,35.15540774963383,42.7298,1326594407.7777777,8570054346.873132
Oct-25-2021,34.31200120526716,35.5294,34.2052446112552,35.24322394078905,603415530,7817370587.43675
Oct-24-2021,35.7496,35.9643,33.566625987605136,34.241425545229625,804636938.2222222,7785032708.500944
Oct-23-2021,34.056575128427085,37.1272,33.86447980025975,35.6523,1006718734.4444444,7911316240.519398
Oct-22-2021,34.37115465570151,36.1315820626602,33.72813461824486,34.08578135586944,981775597.5555556,7760898043.916775
Oct-21-2021,35.925583687206895,36.79284179066662,33.99189934060642,34.474132751793505,1077111420.2222223,7894975578.130515
Oct-20-2021,35.0912,36.79911245230552,33.59644897393608,35.92575591339513,1192292416.4444444,7770950543.432504
Oct-19-2021,31.8938,35.1983,31.4866,34.9088,710987474.9295775,7405316593.045179
Oct-18-2021,32.423831689984524,32.64177513120142,31.2908,31.8447,476510791.048951,7125787653.935755
Oct-17-2021,33.132258500361786,34.1644136355206,31.4008,32.40123097547907,496358422.2064057,7373440256.763286
Oct-16-2021,33.03679573597996,34.537457390827235,32.9738,33.190664543977924,650876665.9368421,7482626498.993147
Oct-15-2021,33.79573192468169,34.027807839321184,32.4775,33.05427537667925,791146032.836237,7422335682.112516
Oct-14-2021,34.6418,35.64876291221767,33.552022670807574,33.80890130132605,1119690500.2968197,7681025177.178219
Oct-13-2021,33.44830809210255,34.845247793215755,31.9925,34.5772,1168545654.7605634,7390229656.431789
Oct-12-2021,32.14516261511676,34.2342,30.0773,33.24893989827961,872918057.3714286,7126806562.725824
Oct-11-2021,32.4508,34.27412656584627,31.144452849713,32.16513896704855,689760607.8869258,7299487472.028449
Oct-10-2021,35.21759783576391,35.21759783576391,32.3557,32.4555,583249653.1111112,7601440210.672056
Oct-09-2021,34.9813,36.11316680446951,34.80745852390571,35.22157959231413,682879073.3333334,7878909388.367878
Oct-08-2021,36.73331276689373,36.73331276689373,34.9029,34.9029,1037383318.8888888,8015848011.7378645
Oct-07-2021,35.20750708186613,37.92840113400051,33.917262997201014,36.80993475009248,1157709182.216028,7969139812.389058
Oct-06-2021,36.8234441289712,36.8234441289712,33.23515318402494,35.251965121843575,1183482105.7777777,7851884511.197527
Oct-05-2021,36.8469,38.198600660749406,35.59729941527406,36.73863592885001,1117378397.5555556,8221787174.9342785
Oct-04-2021,38.8013,38.8013,36.313744372316776,36.7409,1031194431.5555556,8317022242.870233
Oct-03-2021,38.74118658510013,40.5713,38.179106430142525,38.9389,1206352990.2222223,8735426185.914946
Oct-02-2021,37.88621350708392,41.4474,37.23016877138278,38.8033,1290404248,8687049135.236809
Oct-01-2021,36.17847085314152,38.52394207250613,34.909474307950674,37.713930916968366,1237109902,8172949932.974692
Sep-30-2021,33.8629,36.19443272895527,33.6384346684139,36.16746721703004,1147581570,7695786360.835713
Sep-29-2021,33.6204,36.5117,32.8636,33.7034,1292905247.4385965,7734387434.391434
Sep-28-2021,37.17751427558568,37.724,33.6,33.6,1246107763.8095238,7989070811.0523815
Sep-27-2021,39.451,40.72462483210542,36.78473862016289,37.2728235418435,1649758089.0780141,8588678054.848807
Sep-26-2021,39.51288108946686,41.39742816107391,36.0987,39.3887,1936110804.9655173,8618553700.202564
Sep-25-2021,42.7491,42.9665,38.913363265112565,39.548484531266105,3039966466.675958,9046397954.847208
Sep-24-2021,41.4601,44.0363,36.3479,42.614,3226756458.5174823,8924428256.780792
Sep-23-2021,39.75151338850822,43.2807,38.96023857826067,41.4281,3779514483.958188,9048443054.79487
Sep-22-2021,30.3911,39.77782276365672,29.49,39.63817657524386,3358850976.888889,7589170123.523344
Sep-21-2021,33.7664,36.951,29.36950755791769,30.2733,4375374481.777778,7573046700.255111
Sep-20-2021,44.3069,44.3069,33.4800277554126,34.0169,4526263518.104529,8558477463.102355
Sep-19-2021,40.6162,43.9511,38.1087,43.7112,3340003613.3333335,8979620704.994144
Sep-18-2021,33.4114,41.2532,32.7331,40.2207,2166221797.240418,8213409507.1470375
Sep-17-2021,36.7832,37.88961474157825,32.60447767160971,33.2575,2287083812.4444447,7758672776.71851
Sep-16-2021,34.1267,36.8455,31.456809823959603,36.729,1539522357.9651568,7494962334.175915
Sep-15-2021,34.1174,35.061,32.8449,33.9089,1968305077.0731707,7442575571.5610695
Sep-14-2021,35.836216996276114,37.54232348953391,32.94869724582787,34.2475,3784164838.1324043,7739363303.307092
Sep-13-2021,35.1196,38.7045,30.55743044121268,35.90188511823015,3638959167.3310103,7601990907.353625
Sep-12-2021,27.224,34.9972,26.118468025205747,34.9972,1711814698.815331,6720055366.555859
Sep-11-2021,29.5149,30.77015101575476,26.9729,27.1044,2644516123.651568,6301686256.889253
Sep-10-2021,26.9438,30.0701,24.760163543770176,29.6067,2727307343.0456142,6061613702.05267
Sep-09-2021,20.536,28.2415,20.536,26.5974,1422446260.6271777,5431073658.346845
Sep-08-2021,20.9224,21.8648,18.5702,20.3828,1063449296,4545937491.007427
Sep-07-2021,25.1269,27.284187162759704,17.8367,21.0318,1014082554.2222222,5252921200.439274
Sep-06-2021,25.7767,26.966600105918545,24.0675,25.1895,851333135.6595745,5706354822.548686
Sep-05-2021,24.43558455101117,26.1636,23.8514,25.7347,530334539.1498258,5439712174.883356
Sep-04-2021,24.13568162708672,25.3456,23.7978,24.498569096967813,571208260.2222222,5369616543.651962
Sep-03-2021,24.1593,24.9038,23.3478,24.105748133395785,637905098.0699301,5333267500.502416
Sep-02-2021,25.3269,25.5946,23.60410293715021,24.2612,978145505.1188811,5379412934.911465
Sep-01-2021,22.9113,25.8703,22.2309,25.1419,1472089246.4335663,5219542029.701339
Aug-31-2021,22.2008,26.13725542866137,21.6847,23.0371,1656123846.466899,5245919786.591249
Aug-30-2021,21.2301,23.82888238790809,19.637,22.0295,642729987.1219512,4613014933.746934
Aug-29-2021,21.3337,22.343488040524715,20.4929,21.3598,678879970.8070176,4724670612.97257
Aug-28-2021,20.4636,21.37067286526362,19.5855,21.2897,550500950.9859155,4461558000.41084
Aug-27-2021,17.9595,20.5148,17.3861,20.3291,508403099.5400697,4202078317.39801
Aug-26-2021,20.0341,20.3026,17.836768816948446,18.1056,504728533.14685315,4112986269.741601
Aug-25-2021,19.6207,20.7647,18.689,20.0153,576838657.4545455,4351407814.833292
Aug-24-2021,21.8484,21.874324295831997,19.396923037175533,19.6191,567109116.7552447,4567432426.271655
Aug-23-2021,21.80930941174406,23.0853,21.396535091592696,21.8335,845429141.184669,4841571473.948812
Aug-22-2021,22.4542,24.49347543710164,21.0514,21.80930941174406,1478581194.9268293,4911620782.31578
Aug-21-2021,18.930236126330872,23.7633,18.63129481071396,22.4542,969354149.4634147,4637544082.474183
Aug-20-2021,18.6953,19.9445,18.4116,18.941876186767047,803515938.8888888,4229843616.6086435
Aug-19-2021,18.0379,20.28520003187039,17.8928,18.6961,1298332226.6666667,4159044098.639001
Aug-18-2021,15.9966,18.4418,15.0553,18.2678,600339168,3528923481.024851
Aug-17-2021,15.8356,17.427040077517443,15.1325,15.9421,450758466.91929823,3582611872.594181
Aug-16-2021,15.9544,16.66011347553525,15.5386161059242,15.7905,288112403.79094076,3528700144.7963314
Aug-15-2021,15.5524,15.9042,14.9616,15.8236,267011284.5,3382652071.3743787
Aug-14-2021,15.217332276521024,15.770381157955986,14.8045,15.4786,273888131.3333333,3349332105.0679984
Aug-13-2021,14.0675,15.331375769935423,13.9318,15.237781458702804,239417421.7777778,3221384393.91728
Aug-12-2021,14.5988,15.172960896390489,13.6269,14.0547,311351925.3888889,3144084211.400141
Aug-11-2021,14.103363337997015,15.4278,14.103363337997015,14.6511,314682907.1111111,3274023293.4248753
Aug-10-2021,13.668004788115232,14.376926166399349,13.4841,14.085971315720064,236215264.83333334,3050476191.730212
Aug-09-2021,13.13844125350877,14.0391,12.698645091512311,13.64621017003542,219155634.44444445,2958482542.1591663
Aug-08-2021,14.04,14.231915212954709,13.0347246724628,13.136347773957793,234222193.05555555,2994246643.776046
Aug-07-2021,13.576875681307495,14.327433839365774,13.539441130552152,14.077861830157174,257093615.04895106,3055307862.4787245
Aug-06-2021,13.030600334545904,13.95,12.761010907478637,13.587447017071415,211215520.55555555,2915122129.1369843
Aug-05-2021,12.790888837842743,13.24,12.462756776705987,13.036162318699938,181407612.3205575,2818534322.721083
Aug-04-2021,12.11,12.888206512055902,11.98,12.804121208926109,163095139.94444445,2722441815.701357
Aug-03-2021,12.483435564844717,12.615515095230826,11.84,12.15,154994932.36363637,2656799445.262721
Aug-02-2021,12.360346651617194,12.75,12.190455930220846,12.47558061386694,213109319.86062717,2730053042.466369
Aug-01-2021,12.608664353800028,13.403998396325925,12.295278862586173,12.420347515397118,248790503.5261324,2837397153.2093997
Jul-31-2021,12.15,12.92,11.9,12.643888440303822,211000615.04895106,2711738674.8138666
Jul-30-2021,11.76,12.16,11.46,12.12,171662100,2578954913.674022
Jul-29-2021,11.58,11.85,11.353180756809431,11.76,175636516.18118468,2537072604.247366
Jul-28-2021,11.72,11.92,11.44,11.57,179195273.92334494,2547726494.553462
Jul-27-2021,11.4,11.78,11.07,11.69,239370183.1358885,2490486636.8533115
Jul-26-2021,11.46,12.40743694665037,11.359298847646905,11.36,242718143.04561403,2617577421.582868
Jul-25-2021,11.432265697294437,11.6,11.007107571823084,11.43,189116468.92307693,2468290084.504212
Jul-24-2021,11.448593051932312,11.75,11.14806588261468,11.43,215642866.78745645,2493367054.9116907
Jul-23-2021,11.38,11.53,10.725803164879988,11.457162878622814,244255322.70383275,2437376571.290987
Jul-22-2021,10.44,11.60121922045064,10.2,11.34,249780122.05555555,2379379468.5065956
Jul-21-2021,9.49,10.685304092745158,9.16,10.41,238728567.19163764,2207728527.592772
Jul-20-2021,9.95,10.13,8.97,9.47,240227566.60627177,2062080013.7784712
Jul-19-2021,10.98,11,9.948175147599626,10.01,210211757,2276142477.681539
Jul-18-2021,11.02,11.52,10.82,11.02,248432244.6271777,2432619671.3363724
Jul-17-2021,11.15,11.47,10.75,11.06,566384400.5555556,2420583517.0542727
Jul-16-2021,11.35116848595393,13.05426074527678,11.030055410826195,11.12,347548839.5,2588336242.833803
Jul-15-2021,11.740991662595476,12.05,10.71,11.343598626386772,245071593.14285713,2465092226.754528
Jul-14-2021,12.110833139996316,12.188370157249082,11.15,11.697286233085162,357087295.6666667,2553354945.1919093
Jul-13-2021,13.042250824630797,13.68,11.82,12.014949217667718,271576975.5555556,2819420701.2373013
Jul-12-2021,14.057690749723488,14.10153954161194,12.803403070857186,13.045186502944718,267949837.3888889,2955879260.364052
Jul-11-2021,14.389182133585548,14.76,13.91,14.046552953838647,399519344.0557491,3131068896.1316533
Jul-10-2021,13.17279351160486,14.44,13.02,14.33401135988458,328241412.2222222,2945230305.2462864
Jul-09-2021,11.921554492473405,13.579995263279615,11.45,13.25003903257294,331186808,2784152278.807079
Jul-08-2021,12.947745905241751,12.947745905241751,11.693086539332914,11.989956927024084,214305058.7222222,2648926563.549933
Jul-07-2021,13.169155509304073,13.49,12.88,12.94042789117518,239629140.7944251,2875485372.6812654
Jul-06-2021,13.538423838653472,13.990339740879188,12.870331398429723,13.14990118304656,487202938.75958186,2891148549.1848626
Jul-05-2021,12.269913534370495,13.93,11.99035455140903,13.631771073736038,313609684.3888889,2796162811.2037873
Jul-04-2021,11.803637345439506,12.44,11.53804116589027,12.227382020102196,151725545.3888889,2636982304.578046
Jul-03-2021,11.783335972229407,12.18,11.55,11.80278307300883,202422272.3916084,2575763947.8635764
Jul-02-2021,11.09,11.733356488478968,10.589616004834012,11.733356488478968,207891392.05555555,2413222023.870859
Jul-01-2021,12.01300504306376,12.028064825624137,10.738345037031062,11.17,226053038.60627177,2447575428.4399357
Jun-30-2021,11.586913431108492,12.01,11.09,12.002011275195906,334355286.9686411,2520384433.179542
Jun-29-2021,10.88,12.82,10.85,11.60157875597428,270549045.0174216,2493894333.4388256
Jun-28-2021,10.04,10.85,9.93214955250376,10.83,185743569.5774648,2157681654.296215
Jun-27-2021,9.58,10.03,9.44,10.02,194174886.5915493,2039774511.2390976
Jun-26-2021,9.205057337281447,9.46,8.670444335659763,9.46,219623449.28467155,1914150648.2159314
Jun-25-2021,10.343947732707852,10.682282377091854,8.931452461384744,9.216874954736864,244730407.88732395,2034802952.9545357
Jun-24-2021,9.58,10.683990955116728,9.056093099970818,10.304385172534092,244491415.41312742,2085989714.4436166
Jun-23-2021,8.96,10.46,8.59,9.58,365438855.9717314,2077033230.7878711
Jun-22-2021,9.57,10.56,7.95,8.92,356920934.68989545,1977241898.371249
Jun-21-2021,12.018421908868222,12.075441627548075,9.55,9.55,257528607.03202847,2257951657.05053
Jun-20-2021,11.94,12.38,11.086990199407586,12.021470794982502,193870016.3888889,2502616653.532015
Jun-19-2021,12.43,12.69,11.87,11.94,240795291.1111111,2607257791.169922
Jun-18-2021,13.6,13.6,11.987482355353722,12.38,319977713.1111111,2703017967.0911465
Jun-17-2021,13.385327647440144,14.52,13.31,13.61,414128688.9477352,2929162099.828256
Jun-16-2021,12.95,13.408734931570686,12.38,13.263334709114249,222481665.44947734,2710924287.2255654
Jun-15-2021,13.26,13.55,12.68,12.95,230859363.44444445,2770292170.158972
Jun-14-2021,12.49,13.34,12.24,13.27,232395254.6111111,2672387087.9544144
Jun-13-2021,11.61,12.51,11.32,12.48,197084037.2777778,2485920439.87299
Jun-12-2021,11.93,12.012731836941947,10.9529363044253,11.65,222398308.2777778,2437198759.165921
Jun-11-2021,12.81,12.9,11.61,11.87,209127834.6111111,2621677915.8310146
Jun-10-2021,13.927971849182825,14.02279780810942,12.58,12.87,245918289.22648084,2812896193.73842
Jun-09-2021,13.617722679865947,13.956228709492898,12.65,13.908782048130732,297943303,2836125013.4586945
Jun-08-2021,13.41,13.771812977076037,12.17,13.577597403113831,309637942.6013986,2771465532.6813536
Jun-07-2021,15.08,15.76,13.404477084782474,13.404477084782474,195240657.55555555,3186677002.8215294
Jun-06-2021,14.87,15.37,14.54,15.07,224815438.1037037,3145101700.530661
Jun-05-2021,15.09,16.306542626947067,14.31,14.88,294403607.5,3242916749.4192533
Jun-04-2021,16.63,17,14.11,15.16,387041408.8888889,3213887447.870232
Jun-03-2021,14.87,17.15,14.71,16.64,367499859.5555556,3411846665.4072666
Jun-02-2021,13.74,15.270783839224324,13.62,14.93,236109018.3888889,3049230906.0612783
Jun-01-2021,13.962210578434217,14.51,13.385298630494194,13.76,245875924.90592334,2917430903.2030797
May-31-2021,12.57,13.93,11.93814059579717,13.903527716789611,237625574.5226481,2759918692.899648
May-30-2021,12.06,13.086449074361756,11.368093509417111,12.540986607866412,296610141.2027972,2646840062.6645474
May-29-2021,12.7,14.214099166101446,11.44,12.05,337390437.8888889,2675351477.684814
May-28-2021,14.474855354592938,14.561828870003922,12.080072664673745,12.71,310426395.31707317,2764260689.5095196
May-27-2021,15.24524000253174,15.295936008697716,13.68,14.50919367809797,352013283.5555556,3056776686.830608
May-26-2021,13.906181388131603,15.60910275246868,13.69,15.155962823792931,419310712.8888889,3104965355.7879825
May-25-2021,14.434051732400336,14.91014892902928,12.478198868128969,13.818020107812966,504423283.8888889,2884419563.569914
May-24-2021,11.761880673956124,14.32,11.174832175732991,14.29608245316455,696676346.8531469,2707021905.931474
May-23-2021,12.25,13.09,8.57,11.788107529710006,440693506.6666667,2348265734.5879483
May-22-2021,13.548182231263766,13.681511510377296,11.610788866430871,12.28,602511405.1567944,2676141248.543271
May-21-2021,16.91,17.515321771602945,11.46,13.458314214117022,636735235.456446,3201009320.797588
May-20-2021,13.91919589,17.32,12.358513519,16.584444415936773,1118691887.1505327,3278679884.8081136
May-19-2021,22.832881489,23.470459205,10.630729437,14.071877386,840885823.3640642,3707288465.7786255
May-18-2021,21.096272495,23.294723625,21.025162606,22.912987666,695068058.0717362,4719426595.425949
May-17-2021,24.33,24.33,20.742990017,21.116968438,868296846.3374343,4773911155.818976
May-16-2021,24.57,26.543660161,22.866140285,24.35,1088962355.5165415,5309210275.164801
May-15-2021,25.799578438,28.64,24.56,24.63,1115632862.251838,5637296767.6895
May-14-2021,23.548926862,25.77,23.519764454,25.66,625732013.3059666,5171054205.61379
May-13-2021,22.940993297,25.29,22.081251619,23.501710912,848494377.6322232,5012425109.091675
May-12-2021,26.956308385,27.788249629,23.765294207,23.765294207,593197965.5359589,5579824453.628653
May-11-2021,25.356469309,27.066877292,24.104946554,26.833330276,827541038.6708577,5400419124.361215
May-10-2021,28.8294639,29.848648531,24.641925846,25.436074192,773214306.7980039,5860753637.336982
May-09-2021,29.503766447,29.760395331,26.756332763,28.889254853,985518528.1449438,5882496146.023798
May-08-2021,28.73,31.331745077,26.97,29.356636624,1970617394.1855142,6032147715.002296
May-07-2021,25.58,32.097511364,25.069970235,28.61,1292859915.7409556,5713956654.854603
May-06-2021,24.81,27.05,24.49,25.65,1065234301.4914063,5401374925.116746
May-05-2021,21.005402321,24.77,21.005402321,24.77,658606402.3951707,4820401751.61414
May-04-2021,23.029208971,23.194638841,21.034482215,21.034482215,574024593.3381348,4679036612.304743
May-03-2021,23.14,23.81,22.64289347,23.050412106,392666262.2728494,4909115124.240564
May-02-2021,23.858126097,23.968288151,22.454165197,23.1,531024648.18774617,4870405182.896554
May-01-2021,22.765292187,24.493987561,22.50714518,23.850972721,489182484.52098006,4940919937.295363
Apr-30-2021,22.21,23.460915304,21.8,22.732264659,512674790.7441104,4814785775.587723
Apr-29-2021,22.993549467,22.993549467,21.26,22.110702327,515335790.0116885,4693910893.551782
Apr-28-2021,23.100029089,24.136075865,21.937249865,22.978088557,629373902.7645383,4839858834.250679
Apr-27-2021,22.124698745,23.440812214,21.889260226,23.021225945,734184502.9970478,4763157075.830187
Apr-26-2021,18.731333086,22.751608684,18.565520482,22.059182964,673260395.6932366,4401212111.696772
Apr-25-2021,18.498710649,19.65,17.868968144,18.620184612,477051269.03170973,3967093713.576887
Apr-24-2021,20.537667132,20.537667132,18.486345206,18.486345206,784575027.8653262,4074560875.2436504
Apr-23-2021,18.792385984,20.521182366,16.854601488,20.521182366,1304095500.8370497,3935251226.229353
Apr-22-2021,19.73,21.44205668,18.898611769,18.974217074,929912599.6671638,4237323506.6390634
Apr-21-2021,21.31,21.526272442,19.5,19.68,1114021530.5079951,4345933839.282732
Apr-20-2021,19.304935162,21.5,17.819109591,21.24,1238376544.546158,4118430956.9517374
Apr-19-2021,21.385376607,22.3,19.125315328,19.354027542,1188974919.6861625,4372713483.05456
Apr-18-2021,24.53,24.79,17.880740174,21.350081566,1452265930.0532598,4499794409.050986
Apr-17-2021,25.65157905,27.596399247,24.59,24.59,1107607825.9143834,5475877828.734335
Apr-16-2021,27.94,28.1,24.431468582,25.67305879,1345361394.4482548,5488685765.445463
Apr-15-2021,27.157648656,28.421741268,26.15,27.9,2174824401.09624,5697722710.065927
Apr-14-2021,24,26.942533147,23.099646966,26.942533147,1560731187.0526743,5167913152.804048
Apr-13-2021,22.17,24.87,21.634887781,24.2,930925542.9931607,4838173907.226628
Apr-12-2021,23.569730481,23.932353524,21.431250652,22.27,1037959537.0262015,4786999520.60208
Apr-11-2021,21.172049748,23.581376738,20.938880681,23.581376738,637776258.579761,4584509156.288477
Apr-10-2021,21.51,22.69,20.79,21.194529169,672420968.4821024,4629629123.129148
Apr-09-2021,20.58,21.557629082,20.58,21.51,599469900.4743302,4478981722.938884
Apr-08-2021,19.770202148,20.68,19.72,20.57,1045198268.5110213,4295727213.564176
Apr-07-2021,21.66,21.99,19.12,19.86,1363636890.03584,4340704448.635561
Apr-06-2021,21.56,23.24,21.301955107,21.66,1192633698.1128826,4667016144.288279
Apr-05-2021,21.61,22.13,20.41,21.52,837254949.5907344,4504176582.361379
Apr-04-2021,20.26,21.86,20.04,21.61,1148076791.007071,4438491874.156626
Apr-03-2021,20.36,22.55,20.25,20.27,941010261.2632668,4534964500.261646
Apr-02-2021,19.6,20.44,19.31,20.28,623625532.5833156,4194962921.8996325
Apr-01-2021,19.11,19.81,19,19.59,766412544.9585222,4113811447.330641
Mar-31-2021,19.97,20.11,18.74,19.11,657761988.5907949,4085173597.01671
Mar-30-2021,20.29,20.59,19.57,19.88,777516326.6919929,4244930675.4832425
Mar-29-2021,19.3,20.770377744,19.11,20.25,730548540.5136721,4206125034.8379383
Mar-28-2021,18.72248298,19.82,18.49,19.31,705997467.8289038,4063276347.803809
Mar-27-2021,18.93,19.18,18.08,18.74,668343742.0082015,3964345592.8850164
Mar-26-2021,17.16,18.93,17.12,18.93,945215990.3437942,3849457427.873494
Mar-25-2021,17.55,17.95,16.82,17.15,985337145.1210363,3693199286.7020583
Mar-24-2021,18.79,19.75,17.21,17.55,759222320.8599145,4004063871.2662888
Mar-23-2021,19.29,19.85,18.76,18.84,755495848.7585808,4097158238.0992966
Mar-22-2021,20.54,21.08,19.184285718,19.37,592521471.7364873,4300022949.09433
Mar-21-2021,20.85,21.23,20,20.55,698335901.412129,4389147842.163947
Mar-20-2021,22.24,22.71,21.06,21.06,660295908.4684117,4718406376.593649
Mar-19-2021,22.17,23.12,21.56,22.29,1532824906.7015748,4765299948.144723
Mar-18-2021,20.95,24.45,20.62,22.24,1254734602.4473727,4733164396.74242
Mar-17-2021,21.030813443,21.54,19.62,20.95,1048627216.0561256,4358267635.429024
Mar-16-2021,19.920267281,21.777286769,18.79985669,21.030813443,1183373105.1053834,4313931635.959587
Mar-15-2021,18.581442247,20.850469738,18.045222782,20.024162768,656053547.7166147,4076039614.6485167
Mar-14-2021,19.414241439,19.51455194,18.503327586,18.697416289,539301611.2361199,4016529550.3314004
Mar-13-2021,18.537002105,19.783712622,17.911379824,19.374545231,788927853.6108241,4020409733.7385726
Mar-12-2021,19.252539616,19.452895132,17.961853587,18.452288167,735234080.6450437,3965467916.986146
Mar-11-2021,19.628800972,19.723150395,18.779825639,19.204131543,819916568.3804015,4083498431.203744
Mar-10-2021,21.119000203,21.206831483,19.205749694,19.581188818,988005364.8133658,4244937465.463963
Mar-09-2021,19.344706731,21.115188389,19.097143359,21.021576347,763192193.5040332,4231493022.651749
Mar-08-2021,19.468279855,19.804045173,18.637892608,19.332662542,654467454.8833994,4036432721.899938
Mar-07-2021,18.949026947,19.468005665,18.692213499,19.462107186,458499098.1404327,4034263798.0490475
Mar-06-2021,18.699568473,19.049439288,18.33105212,18.920270962,398821607.9357283,3964148918.9038277
Mar-05-2021,18.915766273,19.275719891,17.994154551,18.696733021,753235307.3661917,3961931656.3900776
Mar-04-2021,21.493018778,21.670047226,18.327750039,18.960089822,932984355.3811531,4281570666.4648366
Mar-03-2021,18.846903259,21.955810183,18.719430275,21.899692378,672914586.9350708,4174837283.9374676
Mar-02-2021,18.643483684,20.376840398,18.135021486,18.807402068,710985208.3775654,4082321619.478506
Mar-01-2021,17.623252916,18.711688352,17.584172957,18.602357866,603128507.3365227,3844254256.906719
Feb-28-2021,19.182184262,19.22612438,16.735933041,17.624528413,682382794.5803124,3736973191.1559362
Feb-27-2021,18.831949151,20.673930373,18.521664255,19.267515681,1126191892.823015,4112584361.219689
Feb-26-2021,17.147558758,18.903139413,16.001778921,18.730691998,1229413372.675113,3650198542.1042533
Feb-25-2021,19.395436636,20.283453301,17.258220809,17.258220809,1092127484.6885543,4032132641.1922035
Feb-24-2021,20.113721034,21.150626067,18.754274983,19.394054227,1855682360.1529973,4228313526.6629176
Feb-23-2021,21.127463716,23.114535866,15.717632027,19.91143633,2321437912.87075,4088579651.087067
Feb-22-2021,21.550582005,21.560616577,17.098369047,21.113959228,1846052879.6731195,4230000339.9367447
Feb-21-2021,21.607806659,22.485494379,20.874459764,21.556830503,1590840296.222642,4573042557.1749325
Feb-20-2021,22.656944135,24.376616805,21.098081326,21.609308748,1230393255.2309713,4909709704.35601
Feb-19-2021,23.105199456,23.462602072,21.707056974,22.540267504,1263684307.7055788,4753011714.3177395
Feb-18-2021,23.839493492,24.809304371,22.883626534,23.099730716,1632912795.754468,5008682303.989941
Feb-17-2021,25.141569275,25.697014085,22.666550938,23.887763295,2433373765.2359185,5051349617.679843
Feb-16-2021,22.563117744,26.324811174,22.481757319,25.169005552,3048327615.540864,5196438336.811824
Feb-15-2021,19.089681532,24.883834487,15.561945058,22.417668142,1866393373.050968,4270450914.122673
Feb-14-2021,20.246604414,20.590912135,18.511639678,19.115750387,1193665061.8523285,4134145939.7722397
Feb-13-2021,21.145288846,22.039606391,19.573931712,20.201756316,1548017885.3034909,4331797785.415723
Feb-12-2021,17.273170813,22.05728212,17.008513688,21.114014826,1916413019.8027246,4211743396.78034
Feb-11-2021,14.903078286,17.52118787,14.79815704,17.300120597,1358038447.8913944,3384148517.06639
Feb-10-2021,14.973160359,15.265543316,13.785771065,14.8662225,1217426700.155305,3096166098.948414
Feb-09-2021,14.2357887,15.268130359,13.922505082,14.970772506,1246374936.0009646,3053399454.312782
Feb-08-2021,13.884567973,14.9584081,13.333701679,14.313244709,1764371310.3902607,2991012948.7528663
Feb-07-2021,12.013872404,13.80584011,11.535560447,13.803699945,1326270305.1399927,2660112142.175173
Feb-06-2021,12.202999334,13.393110159,11.321002557,12.058018767,1798719296.2209241,2515186179.116026
Feb-05-2021,9.185394479,12.440830341,9.076800668,12.192498145,775231881.4562522,2144995377.1634507
Feb-04-2021,9.305406763,9.494588582,8.695838263,9.184348987,524844927.47164696,1913521976.397208
Feb-03-2021,8.90388573,9.354360467,8.769488939,9.232039824,485572307.21628976,1887370401.037778
Feb-02-2021,9.22501525,9.303173541,8.736186217,8.917585349,681188735.9052548,1878402712.8001447
Feb-01-2021,8.142307773,9.199790809,7.863676022,9.169158482,540560386.4188645,1736682997.2789524
Jan-31-2021,8.052772034,8.838945852,7.738902428,8.13362304,497452201.45391303,1726834637.214917
Jan-30-2021,7.983520935,8.283179271,7.762751966,8.052293719,484993247.7160033,1674600586.1343238
Jan-29-2021,8.067381323,8.425742846,7.744533017,8.007933518,751185117.6975226,1676941985.0675948
Jan-28-2021,6.982232981,8.410543544,6.89061563,8.104435097,630054525.5973861,1612318803.9944696
Jan-27-2021,7.745337048,7.745337048,6.785174656,6.989597266,491604671.15179604,1513709329.6272988
Jan-26-2021,7.771849126,7.934750887,7.432709846,7.741357007,465165742.82061744,1612673175.9769032
Jan-25-2021,8.245071318,8.514909649,7.729436822,7.783801969,494008253.9655597,1717241494.7320719
Jan-24-2021,8.321519972,8.768282468,7.966253418,8.239136468,553973522.0425551,1753946813.5805387
Jan-23-2021,8.030190619,8.66984566,7.886048549,8.304186385,644178453.9283415,1747193877.1305044
Jan-22-2021,7.186107182,8.407081356,6.647819384,8.022911006,766706203.5337738,1633923724.230182
Jan-21-2021,8.901775233,8.928361075,7.099615864,7.188686077,638547396.8995602,1699887314.8803608
Jan-20-2021,9.038519835,9.450751717,8.025947505,8.887862604,698278444.3301281,1826182332.827939
Jan-19-2021,9.530414524,10.124244717,8.992731721,9.087652333,900511134.4198977,1961044504.9524035
Jan-18-2021,8.550273807,9.816214853,8.547286815,9.435227671,960086274.3589736,1904170215.4767418
Jan-17-2021,9.030372386,9.18316559,8.050845848,8.544058694,1235061790.988162,1786775973.3098981
Jan-16-2021,7.936907123,9.41518627,7.616510947,9.07355553,1495917414.2924223,1768324251.2982135
Jan-15-2021,6.444462022,8.314749529,6.444462022,7.9482272,1325888428.6955948,1605920527.3199472
Jan-14-2021,6.250094286,6.557815522,6.159226394,6.412969781,439216263.2197017,1330660655.886095
Jan-13-2021,5.739429292,6.231374872,5.553443906,6.231374872,426462598.41777915,1239206854.928457
Jan-12-2021,5.733056016,6.133342632,5.544975818,5.735086998,592746929.8371079,1210428081.2430584
Jan-11-2021,6.42430128,6.42430128,5.034270285,5.714170104,697142852.6443434,1180808281.849624
Jan-10-2021,6.553263467,7.122445289,6.040601335,6.443310016,648066136.2350504,1378878076.09929
Jan-09-2021,5.944178065,6.708054253,5.840219975,6.628036944,630552984.4019796,1335416519.747384
Jan-08-2021,6.260706791,6.333623999,5.715955536,5.941933357,583261133.1733747,1255322078.8514712
Jan-07-2021,6.680600561,6.846945656,6.026775283,6.241470183,633994408.9928799,1366984181.6280951
Jan-06-2021,6.215177069,6.926908685,5.89348938,6.690108026,584218431.9798843,1324629876.2676768
Jan-05-2021,6.042027062,6.339055709,5.67718169,6.211761608,568314402.5800476,1259791707.9850967
Jan-04-2021,5.822220633,6.225562094,5.384882226,5.984173362,586309091.7812995,1218264081.906385
Jan-03-2021,5.415270536,5.873449273,5.327069844,5.817311604,493369640.77259785,1158025183.1782763
Jan-02-2021,5.870115257,5.870115257,5.345482095,5.40101081,456250625.4054008,1161691463.7176409
Jan-01-2021,6.471676743,6.497428069,5.659746216,5.870115257,492146457.5440922,1251385849.710014
Dec-31-2020,5.436121201,6.490648346,5.256973961,6.476162793,400825795.943484,1210238740.841614
Dec-30-2020,5.617026356,5.743082285,5.392012461,5.447258549,372368061.06726885,1153352460.4309213
Dec-29-2020,5.359850987,5.631340688,5.047339183,5.606911385,357788705.0686038,1108633279.2660553
Dec-28-2020,4.83838527,5.525022604,4.818301097,5.324058085,273371995.0893641,1057360157.0821631
Dec-27-2020,4.799022459,4.998212947,4.604629884,4.846376,197826883.77189028,1003125428.0963778
Dec-26-2020,4.913874137,4.954409979,4.744006878,4.793362257,171793196.3093217,1010085584.7952712
Dec-25-2020,4.949858485,5.045482689,4.763685469,4.916697409,203742899.61614496,1016248690.9942727
Dec-24-2020,4.389853391,4.993977814,4.251890443,4.948267417,302085988.9916883,969331659.3543891
Dec-23-2020,4.946450256,4.997039193,4.300778295,4.404947135,226921611.22364116,981841877.93767
Dec-22-2020,5.025230242,5.082334986,4.758303681,4.953217734,236726235.9508483,1025557519.5789182
Dec-21-2020,5.028906487,5.143584607,4.825040527,5.048610545,226344054.52987155,1039912754.0149721
Dec-20-2020,5.293194367,5.356543502,4.979624899,5.034605658,172412962.54658163,1082313273.0288274
Dec-19-2020,5.334889593,5.43754096,5.269724138,5.293492461,180205082.3967726,1110171240.4449239
Dec-18-2020,5.362127445,5.435760253,5.229171039,5.334649466,254775528.72033617,1109239652.0688963
Dec-17-2020,5.485347177,5.727855512,5.332006701,5.365598139,268088001.08535385,1142180812.3075728
Dec-16-2020,5.292509882,5.501287172,5.178109786,5.485235931,197796899.3934155,1113157233.5813196
Dec-15-2020,5.227001808,5.359301795,5.076292041,5.298814305,135282393.73570403,1081856817.0856593
Dec-14-2020,5.191574762,5.285072465,5.040714855,5.227546052,126420364.12693271,1066983575.6757988
Dec-13-2020,5.066387604,5.362336354,5.058754704,5.184959586,162355862.08083823,1085339905.331891
Dec-12-2020,4.707643848,5.101631904,4.707643848,5.071285635,155984564.1498895,1018720616.1845762
Dec-11-2020,4.655627827,4.846603077,4.491825847,4.711225379,133905028.44200471,957730845.7771815
Dec-10-2020,4.807177566,4.817500832,4.660708037,4.668673723,129479707.88735603,980445219.2091247
Dec-09-2020,4.751730277,4.877128464,4.585546784,4.809026031,163095415.9627382,986628056.7468655
Dec-08-2020,5.108535001,5.140306957,4.700299614,4.743272731,109874673.40264705,1033916127.1092836
Dec-07-2020,5.211942951,5.22090774,5.08825262,5.106223728,109496280.43926713,1067789781.9446809
Dec-06-2020,5.255698982,5.278696018,5.100717212,5.207381438,126056309.40844409,1072985438.972257
Dec-05-2020,5.057316359,5.28867164,4.995553015,5.251321913,166223201.20610285,1066686970.9207962
Dec-04-2020,5.508658858,5.530662633,5.026290844,5.072612503,165062408.25476557,1106672591.834414
Dec-03-2020,5.513008759,5.630327602,5.376324415,5.511706299,191387998.22556013,1134039041.6717803
Dec-02-2020,5.262267761,5.543717639,5.21515257,5.516626387,233381491.57071388,1109156075.261452
Dec-01-2020,5.56484028,5.699752169,5.1911383,5.27986603,231206763.28054878,1125451695.182591
Nov-30-2020,5.420208327,5.650295688,5.366448667,5.565469058,194463744.614792,1138947568.8393807
Nov-29-2020,5.439379891,5.533196892,5.3281992,5.413128064,171563357.14220032,1118552245.6863089
Nov-28-2020,5.359498363,5.535991894,5.236515432,5.435010081,176146884.90460452,1112164886.0676897
Nov-27-2020,5.335042981,5.445911863,5.11802443,5.343883953,336217421.5033435,1088714230.741585
Nov-26-2020,5.919853494,6.267724601,5.046908675,5.322626903,526109467.2697979,1136175804.4673784
Nov-25-2020,5.955139805,6.451843328,5.758880635,5.946616073,426433523.31776917,1277654701.15745
Nov-24-2020,5.815333896,6.398666955,5.683971902,5.931809464,435792611.1286076,1240008268.596629
Nov-23-2020,5.473949536,5.90524185,5.44942611,5.789345274,263274708.39675963,1170694376.9104965
Nov-22-2020,5.913387398,5.955523817,5.309896935,5.468622164,322882918.4544964,1148848656.2101493
Nov-21-2020,5.276395996,5.937184577,5.276395996,5.937184577,269723551.82465297,1150396773.2836504
Nov-20-2020,5.092181245,5.448360226,5.088085832,5.27204624,185675867.7243958,1088440523.931752
Nov-19-2020,5.104742719,5.201694981,4.992885636,5.088755399,147291545.65907434,1051053028.0049983
Nov-18-2020,5.287088235,5.320046982,4.96633198,5.109172246,209751494.31505907,1051561708.6667922
Nov-17-2020,5.086308167,5.349137435,5.085805064,5.294388812,152032908.9533004,1070928879.2434833
Nov-16-2020,4.973364163,5.174059024,4.93567188,5.087023647,129919614.12377381,1046735330.1271011
Nov-15-2020,5.042274645,5.116286964,4.868512501,4.977077134,117531726.06706293,1033249434.1009402
Nov-14-2020,5.205850619,5.225147743,5.006437464,5.054131167,150849700.08203134,1049417038.0212924
Nov-13-2020,5.032323409,5.25621692,5.020898028,5.198760791,185329547.66200322,1061437699.1021613
Nov-12-2020,5.031012382,5.29293183,4.944405138,5.034764899,223560042.43305594,1052578647.4354975
Nov-11-2020,5.084426817,5.234502398,5.016001669,5.035432446,189706119.55603373,1052323037.5787733
Nov-10-2020,5.139063731,5.260855215,4.917255048,5.075200302,236310814.65963587,1045808228.9225659
Nov-09-2020,4.805576746,5.181535488,4.682912451,5.175665206,174774945.0845445,1001971299.3668791
Nov-08-2020,4.621443497,4.892684767,4.572282466,4.811832007,213954266.18251765,975195635.7556614
Nov-07-2020,4.878444363,5.152966535,4.526971641,4.623149442,248577891.8800248,1004611339.0290029
Nov-06-2020,4.508866415,4.940972643,4.488226924,4.886991156,224580008.83005643,977645781.0539873
Nov-05-2020,4.392635988,4.573498421,4.290683356,4.524161479,155165510.63843435,912950733.4251505
Nov-04-2020,4.474663502,4.474801961,4.233297127,4.391627619,140769535.7869407,897379429.436701
Nov-03-2020,4.605999482,4.605999482,4.33573414,4.48104514,155129455.6950004,913178760.5106505
Nov-02-2020,4.738260194,4.86681032,4.584550513,4.614231066,167700753.77217585,966806992.7083397
Nov-01-2020,4.614553276,4.843137624,4.544762045,4.735634911,153479189.85116953,966582266.3469651
Oct-31-2020,4.626311867,4.793958777,4.599150855,4.618537003,170296451.8126086,963971624.615194
Oct-30-2020,4.631512431,4.696872354,4.357259616,4.637906592,183360954.58010677,925761928.5093049
Oct-29-2020,4.804237199,4.856333241,4.528649111,4.626156722,166698526.3212993,966797881.7805814
Oct-28-2020,5.137856718,5.140852792,4.724268272,4.807986269,181783333.5911201,1013720397.8881906
Oct-27-2020,5.143626528,5.308782559,5.077326402,5.130492584,226512996.9724322,1063127154.6465516
Oct-26-2020,5.29367686,5.353803936,5.000153322,5.149405548,182510796.4489559,1071393227.3389043
Oct-25-2020,5.553723087,5.640778126,5.272596158,5.292982648,182776677.44149888,1116252163.7551205
Oct-24-2020,5.362763588,5.584572577,5.275866367,5.550660074,166464333.50102022,1105120945.9117055
Oct-23-2020,5.450756002,5.488575522,5.188739167,5.356410098,195250197.51977527,1099947287.270577
Oct-22-2020,5.25222726,5.562539783,5.246453678,5.42309795,194234047.30928737,1107678964.102656
Oct-21-2020,5.032217582,5.481625759,5.018831615,5.243078675,222209226.7722107,1085977911.8431249
Oct-20-2020,5.505873137,5.505873137,5.032216538,5.038641291,151763677.2915857,1086798277.7673435
Oct-19-2020,5.764938251,5.768503453,5.4792394,5.514201506,125600808.28964122,1148216176.4861662
Oct-18-2020,5.474359128,5.778873843,5.430681736,5.757931102,107638767.13419272,1148283834.719996
Oct-17-2020,5.402118825,5.505133443,5.298688081,5.473416174,120795734.96230273,1109266110.0178497
Oct-16-2020,5.765404747,5.831894977,5.34544488,5.404140364,183967745.8123818,1126220120.790058
Oct-15-2020,5.740160768,5.874516117,5.532101111,5.753665727,211949971.32283866,1158894728.7729888
Oct-14-2020,6.014440238,6.129703783,5.651098709,5.750112635,228830149.515488,1201640936.73613
Oct-13-2020,5.974661158,6.171058539,5.828965238,6.020711933,250034325.28955364,1221764280.44152
Oct-12-2020,6.078522662,6.234142499,5.817264104,5.986968569,332212980.6321469,1233895993.2843947
Oct-11-2020,5.537776581,6.257838016,5.433937539,6.078077868,245947722.70898247,1183531089.885623
Oct-10-2020,5.160145139,5.687835204,5.160145139,5.514299955,147554623.9617814,1089874092.1857085
Oct-09-2020,5.045110063,5.265249009,4.948294341,5.16713529,145682453.7250917,1043671814.9690146
Oct-08-2020,4.885987994,5.12392274,4.652971389,5.046526613,133948096.2971201,997136888.6973845
Oct-07-2020,4.738629541,4.926429881,4.584191359,4.883962761,179947333.4324879,980405469.8737051
Oct-06-2020,5.375190125,5.394729183,4.710860331,4.734703534,186568379.00468776,1042094193.0277306
Oct-05-2020,5.324818195,5.397665442,5.190060483,5.380699554,176389207.8127074,1079144626.1111836
Oct-04-2020,5.015962451,5.365790493,4.88496863,5.311700378,150309595.48998672,1054199406.0658972
Oct-03-2020,4.908716322,5.126018767,4.881285879,5.010518443,161145479.2551913,1024474070.2059207
Oct-02-2020,5.128185885,5.26423916,4.693347171,4.902912621,264142826.92367548,1007956142.3668145
Oct-01-2020,5.370848178,5.593984509,4.9813014,5.11933658,241371684.99606562,1089354471.1913157
Sep-30-2020,5.29572127,5.542922831,5.209218961,5.35521562,307041834.1317403,1098025542.877134
Sep-29-2020,4.829001696,5.359304423,4.811563453,5.284519396,217887137.73144972,1015634391.6946242
Sep-28-2020,4.729169855,5.162519875,4.729169855,4.843431799,224950934.1520937,1013524309.1263379
Sep-27-2020,4.597959841,4.779393569,4.542929668,4.72196078,158072140.58138907,952393883.978446
Sep-26-2020,4.796051254,4.813541237,4.487728456,4.604522016,178621610.7777191,945695808.3888415
Sep-25-2020,4.485866792,4.798301346,4.372614777,4.797019932,209809771.35578385,922788547.4419036
Sep-24-2020,3.843669503,4.545404499,3.812092146,4.480416187,207249499.01670837,846857214.4746034
Sep-23-2020,4.213213384,4.272407214,3.830241285,3.84215137,169834348.7910192,837028569.4705234
Sep-22-2020,4.083279505,4.259686394,4.051933275,4.202826922,327993707.9329079,849863022.1640894
Sep-21-2020,4.660920304,4.738120044,3.984436953,4.094134398,359874205.70623195,883648952.6317087
Sep-20-2020,4.946414694,5.0818287,4.543191207,4.659182921,292367249.19837445,987951077.8977947
Sep-19-2020,4.972905565,5.040236326,4.865417889,4.931198184,364018198.13672435,1005422387.5815264
Sep-18-2020,5.063610528,5.207739027,4.803345605,4.941407109,382759695.18515676,1023726287.1248552
Sep-17-2020,5.118691605,5.196186949,4.876350431,5.06875185,396843387.45779324,1025670640.3670886
Sep-16-2020,4.867823584,5.153047078,4.713847904,5.153047078,417606066.59542125,1001572986.10008
Sep-15-2020,5.380190701,5.443749739,4.815827999,4.86649456,425303382.7918978,1052071732.8141817
Sep-14-2020,5.318265218,5.531978786,5.127517785,5.392215455,471757559.9745092,1081482872.3765376
Sep-13-2020,5.587252819,5.807315563,5.104638003,5.229915506,459726588.1937606,1103556143.9491413
Sep-12-2020,5.332359951,5.662597577,5.185298804,5.580400929,500496598.3896306,1087649250.2870686
Sep-11-2020,5.306588232,5.37848226,5.089711433,5.31290703,452233869.1954834,1060663897.3084013
Sep-10-2020,5.305253043,5.539053755,5.188088311,5.291630212,431045109.5310696,1081879624.3252192
Sep-09-2020,4.934305902,5.462389243,4.883751417,5.304516817,441500577.31180966,1050454537.5506022
Sep-08-2020,5.046664201,5.132532251,4.746584833,4.931837273,418418333.90858686,1005864820.5536847
Sep-07-2020,5.161630527,5.224978115,4.627945973,5.027762031,403772477.95696104,1000576577.940556
Sep-06-2020,4.932723522,5.311029286,4.583577418,5.170826034,481143209.5792478,1013055044.5624264
Sep-05-2020,5.43885487,5.594303003,4.702493666,4.885060066,478820241.90318424,1051305322.2790688
Sep-04-2020,4.91758469,5.577496556,4.749039061,5.462770434,523619374.0219325,1062143115.5256127
Sep-03-2020,6.648710252,6.733819521,4.662713328,4.939162888,413073192.3247275,1217744632.6126795
Sep-02-2020,7.226968646,7.294439562,6.378640788,6.649662715,391978525.0540153,1391523409.156078
Sep-01-2020,7.193655048,7.641617318,7.05820493,7.227001848,432887934.9768593,1483195991.4650614
Aug-31-2020,7.638547218,7.792324505,7.209522991,7.209522991,351136950.73333246,1516617800.971636
Aug-30-2020,7.27804736,7.885523097,7.264973352,7.632558806,380004255.1083005,1531002194.090262
Aug-29-2020,7.566920319,7.586332664,7.295067318,7.295067318,325933385.2744666,1509484942.2963743
Aug-28-2020,7.286651951,7.791334532,7.151583733,7.566930907,554757146.7502959,1516990851.5764716
Aug-27-2020,7.714309378,7.907698945,6.944043026,7.268652315,715419907.0257012,1494146055.8383265
Aug-26-2020,8.387267685,8.612111701,7.684124687,7.718292847,1037264490.0568594,1628926082.9231272
Aug-25-2020,8.182186269,8.847855788,7.804526929,8.411640416,935820035.364047,1653746948.298612
Aug-24-2020,8.486830371,8.486830371,7.698517021,8.117379454,1295165914.6952765,1622491458.8367052
Aug-23-2020,6.448750526,8.479514785,6.370013038,8.416330129,1086709974.5786166,1496272239.878868
Aug-22-2020,5.608906522,6.492219161,5.423047394,6.453146239,389988008.08954316,1208531140.2080362
Aug-21-2020,6.295163333,6.568466566,5.618562314,5.618562314,465448924.12318105,1223704825.2034392
Aug-20-2020,5.66754649,6.354826031,5.567902503,6.304813543,336060521.94706845,1209529433.2277591
Aug-19-2020,5.82009392,5.910650391,5.336334845,5.676892937,298349173.2090166,1137283234.4404464
Aug-18-2020,5.916832565,6.140926327,5.584346136,5.821679013,283419711.3642775,1187550531.7188337
Aug-17-2020,6.235862134,6.294837473,5.947984948,5.947984948,353782625.1735601,1234902610.4629877
Aug-16-2020,6.078150283,6.349779869,5.823750976,6.228613973,308705995.15230566,1221531060.3955817
Aug-15-2020,6.092929769,6.344545065,5.943607131,6.089926963,476971246.5486548,1231463457.218759
Aug-14-2020,6.082636462,6.579029797,5.965740178,6.092083299,785402073.7833519,1257738780.1818485
Aug-13-2020,5.920742123,6.48902584,5.49604228,6.081707977,741108766.328028,1192026971.0202007
Aug-12-2020,4.917166787,5.989796375,4.876065163,5.948222541,489822579.6989262,1091030357.5486038
Aug-11-2020,5.477537573,5.558398299,4.721572683,4.906739206,426388494.1758998,1027007231.692332
Aug-10-2020,5.277739045,5.767209361,5.169212533,5.412584914,644296120.9470116,1074076071.3573773
Aug-09-2020,4.435975771,5.402744836,4.306590364,5.248903558,313158456.38798094,925062786.3647949
Aug-08-2020,4.013891958,4.417895396,3.984391964,4.417895396,128333514.3370683,783197924.0076982
Aug-07-2020,4.177164837,4.193416897,3.910785117,4.011607553,144087695.9543519,779023164.6087503
Aug-06-2020,4.150734047,4.242741068,4.132473842,4.185962201,171248523.8570739,797998642.3609592
Aug-05-2020,4.015649444,4.193243463,3.955800855,4.162829348,155797341.49398783,779638962.6710465
Aug-04-2020,3.852429175,4.051011363,3.832520442,4.007633889,179747644.57078424,752436151.9179387
Aug-03-2020,3.903906297,4.063487512,3.810913742,3.852647662,169424432.79387367,757104109.7290127
Aug-02-2020,4.083984044,4.224196875,3.608047303,3.884549383,201609846.60739386,750493291.8422207
Aug-01-2020,3.794092443,4.110175196,3.794092443,4.083670741,170261240.82122827,766143756.0193576
Jul-31-2020,3.713336243,3.837279611,3.709870586,3.793377717,113200372.95979118,720884928.2017267
Jul-30-2020,3.632965956,3.751343847,3.602060215,3.722420209,114952556.18073444,704761771.4781036
Jul-29-2020,3.750756045,3.854304619,3.620133748,3.628909712,142428810.96470773,716944595.1094315
Jul-28-2020,3.591267348,3.780032658,3.572020111,3.755817556,208580890.79417646,699365873.6846565
Jul-27-2020,3.811359822,3.902013489,3.408338303,3.588304646,185094669.01854205,708673642.8324418
Jul-26-2020,3.915076432,3.915093684,3.753240833,3.809449655,146060412.21162823,731297058.808335
Jul-25-2020,3.824841836,3.946412143,3.790716326,3.909727885,136862213.13882023,737622959.6402351
Jul-24-2020,3.961472277,3.963750655,3.797524703,3.822051048,120526331.30331287,746257429.241917
Jul-23-2020,4.013369026,4.096861541,3.931368622,3.931368622,116389963.67608607,768331695.1231366
Jul-22-2020,4.005818382,4.02679751,3.90602637,4.011281166,115791259.30602859,755229501.4925557
Jul-21-2020,3.882731619,4.05058488,3.803512366,3.997184248,161781365.95386532,752048782.9519521
Jul-20-2020,4.199293686,4.249597027,3.88592378,3.88592378,180057274.0134749,780711882.2034607
Jul-19-2020,4.36576395,4.506549838,4.04646138,4.196729845,223136975.24629557,823834630.9529171
Jul-18-2020,4.144358143,4.505805879,4.118015042,4.373671086,199132472.82026362,824496874.1436819
Jul-17-2020,4.076982835,4.244909409,3.961291593,4.1443276,178144080.23429188,778466270.958597
Jul-16-2020,4.045391944,4.282406394,3.77925358,4.08460936,165297786.91334715,758627816.695847
Jul-15-2020,3.96157437,4.131288493,3.875876533,4.048269382,140972051.7418947,758432570.5073458
Jul-14-2020,3.876955162,4.028942753,3.819882343,3.963583045,208556499.07820407,747652736.7157806
Jul-13-2020,4.024744179,4.334195291,3.781154776,3.894057593,217658155.13226417,782210782.989225
Jul-12-2020,3.929321506,4.15953953,3.913206677,4.018971739,228235824.3056239,767507113.2923925
Jul-11-2020,4.061037031,4.447973119,3.901273418,3.934612406,337207434.45137143,795127155.5136837
Jul-10-2020,3.78868989,4.110291068,3.586386621,4.066698311,230472445.5571156,728111584.0124522
Jul-09-2020,3.55469988,3.788223484,3.425903068,3.788223484,161662921.43530244,681062457.6176062
Jul-08-2020,3.243563384,3.567583393,3.163430693,3.548937739,174158294.58783448,651727862.3872132
Jul-07-2020,3.020830205,3.273797701,2.972798155,3.223572338,131524401.0634802,592588485.2004077
Jul-06-2020,2.932403487,3.112966889,2.924367585,3.024162325,154709497.16530395,576012625.6014386
Jul-05-2020,2.780961172,2.973917725,2.75396307,2.922972488,100378006.19776762,541287263.8128111
Jul-04-2020,2.690581861,2.779153768,2.689826787,2.779153768,85294632.28549057,522275157.33963186
Jul-03-2020,2.657539215,2.79520566,2.650168873,2.693486803,87416228.68433523,518965496.46584785
Jul-02-2020,2.658221445,2.784737568,2.625147838,2.656285784,69867175.95102836,511471832.7368179
Jul-01-2020,2.5951251,2.672318782,2.579806649,2.657606119,56582384.86773745,501108973.2586405
Jun-30-2020,2.643172641,2.670680375,2.576830242,2.600076998,76273054.39222507,499470044.4042166
Jun-29-2020,2.509711726,2.672224435,2.475186984,2.644740454,80648729.45626052,490789420.2327932
Jun-28-2020,2.432141087,2.554379649,2.403407159,2.509727561,95504012.03188708,473437511.53992116
Jun-27-2020,2.622160363,2.709771224,2.333773354,2.431954058,72130094.28014773,492621014.5518195
Jun-26-2020,2.623806658,2.652287786,2.524024529,2.623526247,72813820.66272447,495112673.2410955
Jun-25-2020,2.683999755,2.684690237,2.575728211,2.622348187,91319359.68962431,503919017.2591655
Jun-24-2020,2.771011769,2.872009623,2.656793229,2.680374115,110785799.25061002,524173088.322473
Jun-23-2020,2.688205973,2.829144763,2.661475741,2.764593077,90371378.21419032,519948353.70938176
Jun-22-2020,2.602219246,2.720386788,2.600949107,2.689331942,83682286.55630592,509648485.13609475
Jun-21-2020,2.615616297,2.631323475,2.584449685,2.598872206,81053400.86514054,497373859.49834204
Jun-20-2020,2.604544345,2.627427213,2.556001987,2.620378274,88727366.16677095,495621446.5603435
Jun-19-2020,2.648507375,2.653546954,2.59039418,2.602830034,95796298.15454555,500398706.4820711
Jun-18-2020,2.701277652,2.701277662,2.619695382,2.649705182,100897754.57039452,509271853.44295555
Jun-17-2020,2.724881931,2.735049684,2.660094693,2.701929361,106659830.14250697,514896456.7306477
Jun-16-2020,2.709711132,2.757561844,2.685473758,2.728178224,126207362.5497033,519090062.80606985
Jun-15-2020,2.756112568,2.773469113,2.55492701,2.708084673,124462043.00746846,509087793.5575959
Jun-14-2020,2.876616428,2.876616428,2.735093172,2.761915106,93022284.16955277,538158785.6962947
Jun-13-2020,2.859395441,2.898793217,2.820441291,2.875089216,107351365.11814512,544925459.6457803
Jun-12-2020,2.773397391,2.922188895,2.752890177,2.856613009,148345462.14999074,543615635.7635955
Jun-11-2020,3.114795388,3.128041674,2.757205862,2.775956734,124194741.71257637,569419708.4769759
Jun-10-2020,3.120244354,3.129394352,3.05066184,3.108174983,121346190.10932238,587560727.9665904
Jun-09-2020,3.15078865,3.178945268,3.086792552,3.120066464,115351617.74176258,597923095.1674657
Jun-08-2020,3.023385891,3.15746815,2.999282594,3.153796567,115256402.26638809,583142892.449683
Jun-07-2020,3.059696705,3.10481938,2.917423038,3.022877866,108029266.51102236,577883092.1473601
Jun-06-2020,3.09959777,3.148776112,3.061215663,3.066731519,149265994.077876,592777839.931953
Jun-05-2020,3.110177499,3.193613478,3.042703762,3.102098286,190007206.97621033,595059490.591257
Jun-04-2020,2.90504128,3.14406557,2.896584391,3.113865638,165206679.19928187,577898205.2595716
Jun-03-2020,2.757360857,2.906654901,2.744385659,2.901934011,145926760.22331452,537539882.3218622
Jun-02-2020,2.856470298,2.954357824,2.666924567,2.752857401,156381811.5011503,539107582.5445384
Jun-01-2020,2.732497384,2.859269851,2.717924053,2.853726698,119820152.05941302,529329685.8788596
May-31-2020,2.81470109,2.879709657,2.714606007,2.733602565,124003872.61232172,535678113.4331312
May-30-2020,2.676117656,2.820248351,2.646594449,2.818554405,94243809.58006762,524445952.8901082
May-29-2020,2.662344489,2.695465574,2.639825862,2.676009497,94723686.44822884,509025826.1480288
May-28-2020,2.601476313,2.669123169,2.569682991,2.659876704,99449768.0100116,497166029.2896373
May-27-2020,2.579944792,2.676009965,2.579370032,2.599088025,116489535.72680397,498252334.31976295
May-26-2020,2.61296633,2.620134222,2.538356377,2.579718378,122218987.4739385,493555102.33094746
May-25-2020,2.517860573,2.621819189,2.492092052,2.61164584,137794784.06083545,486548803.2051552
May-24-2020,2.595815239,2.648223432,2.526522556,2.527781395,103701539.61835128,496281739.77220374
May-23-2020,2.649705259,2.668723042,2.576111136,2.5948302,123452517.00877206,499714389.36910313
May-22-2020,2.514483152,2.673187563,2.494914451,2.645169929,155899630.94760567,494343857.7521975
May-21-2020,2.699878452,2.724307877,2.46900326,2.51700145,160564961.0212838,497091025.9560544
May-20-2020,2.61199483,2.699693773,2.573363767,2.695513103,129888949.93779987,501799417.7823181
May-19-2020,2.59357519,2.703071799,2.531595597,2.6137464,136237543.54925704,491729119.050781
May-18-2020,2.542700335,2.726008491,2.542700335,2.598417426,147070808.93918568,497046129.84423757
May-17-2020,2.554842921,2.616965495,2.54498017,2.54498017,129908550.3413961,490596176.2260158
May-16-2020,2.474783192,2.567820089,2.450923998,2.555470185,143238432.33660138,480946637.96557033
May-15-2020,2.52456088,2.567574591,2.449409152,2.463832385,156068077.4663271,479713566.84632087
May-14-2020,2.537771667,2.544840842,2.46971371,2.525983054,160362561.48348504,478332149.65528935
May-13-2020,2.47695794,2.569776914,2.44914902,2.545509707,141326968.76177981,477498209.6286672
May-12-2020,2.395325739,2.526749729,2.381440694,2.476672228,173825568.76966268,470364006.0985696
May-11-2020,2.512424547,2.548416425,2.306549224,2.389009708,174719067.60330302,465243027.11424726
May-10-2020,2.750866471,2.750866471,2.371331893,2.513091256,196354350.1232383,479207140.8900171
May-09-2020,2.805875438,2.847774243,2.744209211,2.754859039,187721852.65054688,534433079.2826488
May-08-2020,2.723966874,2.849928452,2.688022009,2.817924149,187294242.8564574,527350923.54025215
May-07-2020,2.636841913,2.761839218,2.616975227,2.728946366,171229811.2229105,510657017.42585003
May-06-2020,2.70933187,2.753721167,2.654136359,2.654136359,163997467.99087292,516050952.07261497
May-05-2020,2.759571533,2.808263463,2.671104353,2.698542486,186241129.5708563,519842887.55935
May-04-2020,2.770785877,2.79209463,2.590298458,2.763461079,173965672.6939159,515644975.7775027
May-03-2020,2.874461842,2.919715718,2.755016339,2.772784032,167559158.45190886,539659762.2146059
May-02-2020,2.830189984,2.892161398,2.800588655,2.874485993,167766913.9683345,542807563.8095678
May-01-2020,2.744970607,2.918063821,2.744970607,2.824834897,209444487.4059898,542456824.2849013
Apr-30-2020,2.949831162,3.075054605,2.710842911,2.738190464,239259659.4271941,548303250.8983879
Apr-29-2020,2.787497617,2.978758484,2.776353178,2.941518426,191461451.10032496,544863985.5569835
Apr-28-2020,2.757204484,2.841618821,2.704481079,2.790788538,179142035.84513342,529240470.4705049
Apr-27-2020,2.800942104,2.823377393,2.673414679,2.760770965,184716653.6825608,524007028.3610469
Apr-26-2020,2.867760905,2.892268747,2.773383393,2.793977797,199495587.08753577,539564007.5818269
Apr-25-2020,2.735051687,2.931589418,2.676501071,2.869176603,242475989.8990337,536661550.8931017
Apr-24-2020,2.410095347,2.786915948,2.410095347,2.734458922,190461693.75189722,493295165.4397941
Apr-23-2020,2.382449153,2.486293705,2.336173679,2.408053516,127196880.45808806,458636661.73298484
Apr-22-2020,2.276897532,2.403197809,2.255399431,2.382583457,114401153.69956148,445400831.69333667
Apr-21-2020,2.272869971,2.324026145,2.242749861,2.276241746,140521417.5225669,436257498.9370608
Apr-20-2020,2.38684215,2.430913536,2.273616401,2.276714247,140990252.80206373,451727028.45638186
Apr-19-2020,2.496297584,2.527618841,2.387298981,2.388894563,143155807.67950067,468225335.2523403
Apr-18-2020,2.367122745,2.508405698,2.367122745,2.494035761,124973667.60897708,463510467.82678306
Apr-17-2020,2.411850564,2.416500946,2.358121055,2.370960631,133360277.12908189,454958996.8091935
Apr-16-2020,2.277949086,2.435915053,2.208560621,2.409042411,145126943.09228486,447203364.59279275
Apr-15-2020,2.350960453,2.424425487,2.27451886,2.280127092,146531712.58637384,449648720.9174526
Apr-14-2020,2.262203324,2.438900718,2.238609289,2.355222292,125881643.82931796,443222223.18889344
Apr-13-2020,2.3155362,2.3155362,2.186656141,2.259553641,121217729.65785272,423755101.9011241
Apr-12-2020,2.307854215,2.392004991,2.254757451,2.328531534,112659254.44099903,440805214.91280997
Apr-11-2020,2.313949337,2.372310104,2.239385911,2.304106304,152904698.6182801,439742113.0056252
Apr-10-2020,2.57253398,2.587118651,2.208911943,2.310002316,192293309.60347757,446339608.0289534
Apr-09-2020,2.473735524,2.611934232,2.400664315,2.576269168,158203020.92548826,477413430.0383868
Apr-08-2020,2.346322149,2.46517367,2.307335065,2.46517367,159650851.77329275,452593585.1234058
Apr-07-2020,2.399232523,2.48761668,2.309297893,2.344326596,200325074.74466923,454717859.0560787
Apr-06-2020,2.060127864,2.396575634,2.060127864,2.390451215,140454839.81209946,427635249.94704276
Apr-05-2020,2.020004623,2.086525075,2.013398,2.060127845,96262642.63171913,389173886.7837089
Apr-04-2020,1.979152043,2.022213302,1.966551722,2.014699707,98652772.05331314,380587592.16506857
Apr-03-2020,1.982895224,2.058897993,1.958936509,1.977037241,124360797.41012265,382050647.27521133
Apr-02-2020,1.9709642,2.085694471,1.962479731,1.989270143,111499203.50897938,380666003.6038053
Apr-01-2020,1.963876799,1.974546583,1.892267458,1.974039926,93439418.61072293,368528871.55153936
Mar-31-2020,1.961909518,1.988842361,1.940325504,1.958250945,103983016.90096843,374338457.3885798
Mar-30-2020,1.858028282,2.026934606,1.851337401,1.970527275,102599535.02028191,374181512.14297926
Mar-29-2020,1.975282172,1.981655994,1.86079855,1.86082067,106933866.0033766,368036975.651774
Mar-28-2020,1.986107493,1.986107493,1.886479494,1.974699587,120573675.1248204,371102408.8465676
Mar-27-2020,2.167452584,2.186177007,1.984700788,1.984700788,119176734.20936869,403257806.03543067
Mar-26-2020,2.079526342,2.159499348,2.072049606,2.159499348,112026956.357694,400830050.60670894
Mar-25-2020,2.1486379,2.172587702,2.046232908,2.082297319,135628104.67766073,400393424.58960503
Mar-24-2020,2.116348557,2.211234071,2.088876624,2.147474377,165915556.9925509,408447638.1209609
Mar-23-2020,1.929261133,2.120017777,1.899512405,2.112889122,150285185.25580156,383128554.2480525
Mar-22-2020,2.153504015,2.221631699,1.926507567,1.930978512,136109092.5381992,398797517.98549104
Mar-21-2020,2.172485378,2.21540028,2.016586873,2.15003168,163858540.18282878,404467146.60146254
Mar-20-2020,2.066910531,2.446660332,1.863398764,2.163019764,199795570.88470742,419772888.81440485
Mar-19-2020,1.79210589,2.136285995,1.777210595,2.057847922,151773459.04192242,367499451.0647815
Mar-18-2020,1.774472792,1.834308045,1.660027012,1.78504809,118233218.1222255,331467970.6062623
Mar-17-2020,1.661075233,1.849874093,1.647131602,1.778375813,147810176.10791415,338151512.34860325
Mar-16-2020,1.932154211,1.932154211,1.529372879,1.669542885,151151655.00087416,323635367.2627527
Mar-15-2020,1.849156989,2.066949647,1.827125477,1.944346152,205026701.40121347,364290958.5540377
Mar-14-2020,1.809753125,1.983601379,1.707267465,1.854396315,208736592.51423213,348144171.0628589
Mar-13-2020,1.613852601,1.919373555,1.11596621,1.793629742,265681894.16158184,322591738.4902952
Mar-12-2020,2.976137755,2.99424036,1.547107289,1.563404042,171016548.6378918,441466554.9530454
Mar-11-2020,3.06880353,3.097416986,2.746280483,2.978484538,117617606.68029058,570500804.0293669
Mar-10-2020,3.017270706,3.18766676,2.902105347,3.067265733,147580938.16939983,580158348.1149002
Mar-09-2020,3.084123327,3.15552044,2.843098219,3.00390558,179960812.9584228,577256989.7523596
Mar-08-2020,3.61921242,3.61921242,3.083188329,3.093922518,554316735.668505,646206519.5818483
Mar-07-2020,3.847458345,3.859675045,3.584212475,3.612081408,541739595.3207566,715992906.8205148
Mar-06-2020,3.760166845,3.870657664,3.729908616,3.841856055,113129248.43461877,722508742.4839013
Mar-05-2020,3.73876427,3.928154593,3.73876427,3.757900468,124178727.0515971,737348900.0574535
Mar-04-2020,3.611417697,3.863749953,3.611417697,3.732872721,137978432.3227814,715809042.2057041
Mar-03-2020,3.700646745,3.700646745,3.52244677,3.615439914,131735614.6881446,687846527.7777808
Mar-02-2020,3.345451753,3.752659398,3.325337786,3.693166513,134596347.0322747,677680234.3455179
Mar-01-2020,3.45312348,3.534393572,3.2500555,3.348788833,110694744.35426994,650695694.1284332
Feb-29-2020,3.569761597,3.650789262,3.46356043,3.466637953,130724481.08867739,677006015.5448681
Feb-28-2020,3.683848768,3.731910502,3.448258413,3.560107803,198477022.87289226,681986099.303432
Feb-27-2020,3.561768156,3.853226213,3.385990766,3.652953257,256862116.37403235,700956732.3809105
Feb-26-2020,4.050089581,4.061848067,3.499197832,3.687858116,240399395.53903478,721172862.5673846
Feb-25-2020,4.380118798,4.457241232,4.011297098,4.063333403,233010554.94903755,805556338.2695624
Feb-24-2020,4.804484325,4.91496511,4.252101686,4.395300464,240267391.97726327,877913319.5275575
Feb-23-2020,5.014313856,5.084486898,4.751648717,4.791281534,257766776.89005283,931967548.3706131
Feb-22-2020,4.808976719,5.081069697,4.698573187,4.97684527,326311430.40178907,932803059.652656
Feb-21-2020,4.463712028,4.8803585,4.423156068,4.810158878,1750396282.6969385,892979281.7599361
Feb-20-2020,4.135544517,4.585530615,4.116725226,4.425458287,533311233.680319,816293811.9630508
Feb-19-2020,4.434355819,4.67507034,4.147395092,4.147395092,233289069.66962966,846096809.0346469
Feb-18-2020,4.274353897,4.489896252,3.991389996,4.429539888,271275935.51060015,810874889.3101069
Feb-17-2020,4.369544911,4.388396233,3.927302292,4.279213386,312483886.1449565,796678995.001037
Feb-16-2020,4.610382285,4.741696694,4.051987996,4.386716145,272107558.11687917,856857840.8900152
Feb-15-2020,5.102579,5.120589893,4.460247652,4.588995912,216530355.50320938,931142213.0734822
Feb-14-2020,4.913405587,5.115535017,4.88101155,5.099657271,245836417.4912439,952411862.1914088
Feb-13-2020,5.108153038,5.22333677,4.862863491,4.906750038,266065682.6001685,954130366.3453778
Feb-12-2020,5.108296078,5.298133695,5.085187341,5.115670054,243874291.21585113,989829693.6518363
Feb-11-2020,4.780753285,5.167497331,4.698105978,5.111301616,203080187.96721938,935317621.3386381
Feb-10-2020,4.752918191,4.786009615,4.582576298,4.784621328,198018934.90537575,894524630.0829066
Feb-09-2020,4.636504017,4.776508618,4.630319769,4.747998601,195845115.52036688,897395607.43395
Feb-08-2020,4.844807954,4.844807954,4.545315612,4.64402196,251558871.21371165,897663493.0856329
Feb-07-2020,4.578782624,4.876357518,4.518065978,4.780039703,254112896.96298856,892178128.9074465
Feb-06-2020,4.3220882,4.583081655,4.272870431,4.576300853,229350709.53630665,849809198.3381728
Feb-05-2020,4.216726987,4.336884118,4.156156821,4.318887967,197520158.65242305,812262006.2933842
Feb-04-2020,4.270360134,4.274261669,4.023076783,4.222580519,174166178.9176292,794310716.2460449
Feb-03-2020,4.411351521,4.476314573,4.254659376,4.270432298,162987482.29415655,832155253.0868136
Feb-02-2020,4.379432074,4.46817727,4.269302681,4.411351521,151329685.0316952,837039698.5903162
Feb-01-2020,4.387537573,4.432393635,4.304710925,4.379541719,164913700.81075537,833429331.4373829
Jan-31-2020,4.406907711,4.602590427,4.308327717,4.38521431,199366578.0676893,845288533.4057328
Jan-30-2020,4.399570735,4.468380145,4.304458034,4.406479969,182345534.41641185,837608863.1319715
Jan-29-2020,4.584962396,4.590565766,4.371276532,4.410077001,185594531.27141997,854223159.2868873
Jan-28-2020,4.51651343,4.591963798,4.475665363,4.583803429,184013305.714816,863412412.18798
Jan-27-2020,4.464364759,4.657869238,4.422022722,4.51668249,150126622.79717058,861686962.9942939
Jan-26-2020,4.402964761,4.494705462,4.367900874,4.466723229,121800976.79447752,847318217.9777997
Jan-25-2020,4.47620319,4.478468674,4.364660993,4.418083936,141674989.62463108,840438038.8507541
Jan-24-2020,4.45207651,4.519990246,4.350503154,4.477426942,152970291.63379315,849176696.844816
Jan-23-2020,4.649129115,4.676537863,4.385404828,4.435619229,140673658.9112021,852648338.69915
Jan-22-2020,4.672172833,4.687383632,4.562259819,4.649129115,138686121.64958775,880629181.339735
Jan-21-2020,4.502575123,4.719275631,4.467637959,4.647431794,137080770.42911652,873599161.3422657
Jan-20-2020,4.516204394,4.653110355,4.414819638,4.505096192,162865197.57580686,863320602.974855
Jan-19-2020,4.632094195,4.758680719,4.377240358,4.526359791,195689136.18892998,870303632.5777767
Jan-18-2020,4.961285118,4.961285118,4.621920596,4.630468276,247685179.84277144,902890352.1770729
Jan-17-2020,5.104044248,5.278687672,4.772839802,4.961368689,326760363.74560016,943535049.7945838
Jan-16-2020,4.523533966,5.188283009,4.194279643,5.047974165,229636926.01120555,851311470.213366
Jan-15-2020,4.535418116,4.873385219,4.424872722,4.517997291,292208284.8700868,877188174.6932917
Jan-14-2020,4.244331721,4.578448054,4.237844932,4.538266843,158510206.2603792,830235728.1439422
Jan-13-2020,4.207332148,4.304951088,4.125274683,4.245193476,118854644.1569737,800073627.3516343
Jan-12-2020,4.272269558,4.335072549,4.192408718,4.202585762,129338013.26969258,814061722.7562293
Jan-11-2020,4.27548459,4.416568122,4.271488542,4.274684297,164226428.43892765,829731550.2335944
Jan-10-2020,4.223220201,4.402465512,4.187014922,4.278665884,173148500.81075415,817238968.6160213
Jan-09-2020,3.945122057,4.218297096,3.913534747,4.218297096,130273053.08904791,769696185.9278913
Jan-08-2020,4.093735804,4.16831018,3.951278706,3.953876198,139181296.55814645,778021983.1144837
Jan-07-2020,4.102895442,4.230805432,4.047454603,4.096239169,147359169.67887792,789454981.7159884
Jan-06-2020,4.199591224,4.22327936,4.046827655,4.105290101,133769951.96512541,787949244.6172137
Jan-05-2020,4.248036494,4.343643711,4.18670067,4.196723737,111728877.43746158,812327850.6254555
Jan-04-2020,4.22751827,4.360263206,4.19392373,4.249098072,121711445.24139187,815024632.2240924
Jan-03-2020,4.086924312,4.324892406,4.011380013,4.22526768,137463569.14643827,801428032.2656047
Jan-02-2020,4.376695536,4.376695536,4.061546175,4.087861392,117951241.08727689,804394065.8987418
Jan-01-2020,4.203018652,4.443611038,4.197811232,4.375820764,115277607.46701607,826566563.7168053
Dec-31-2019,4.151019454,4.281830167,4.107043265,4.203756673,120894841.80969678,801658809.3636665
Dec-30-2019,4.235365594,4.368668942,4.113256143,4.151019454,131162427.64846922,808431738.225708
Dec-29-2019,4.38195501,4.421574785,4.183233462,4.237348697,116336382.75720458,826835968.1447035
Dec-28-2019,4.471872308,4.666586269,4.384942229,4.384942229,124474839.80310811,864748776.6676383
Dec-27-2019,4.534380784,4.754912159,4.435959457,4.471946034,148521992.6404967,868573720.9895756
Dec-26-2019,4.239045647,4.590650137,4.239045647,4.534778816,117114335.83155157,843342991.5822849
Dec-25-2019,4.364331822,4.364331822,4.162724184,4.237543241,117274780.93341708,810162497.2620344
Dec-24-2019,4.27615393,4.378789982,4.230857071,4.358291997,132355020.33625582,825258238.7343049
Dec-23-2019,4.235634228,4.334220501,4.138029273,4.273879048,118167856.16707513,805512664.0623329
Dec-22-2019,4.044566781,4.220403027,4.041657181,4.220403027,101873303.89541544,786204935.5759082
Dec-21-2019,4.275141163,4.301170842,4.040544985,4.046707242,115190514.02745534,791080704.1600095
Dec-20-2019,4.243294984,4.338477366,4.144202683,4.271880546,143827424.93577552,807419466.6931641
Dec-19-2019,4.275532168,4.319392011,4.073983135,4.22753042,206637832.9702658,804452197.1208938
Dec-18-2019,3.618207038,4.422898272,3.59887166,4.28664509,288548316.5129355,746424023.5836928
Dec-17-2019,4.056228558,4.107332864,3.576859242,3.615717402,170694020.27375332,732090999.4769212
Dec-16-2019,4.474824402,4.474824402,4.043138472,4.056674671,214009735.424878,804778807.6544535
Dec-15-2019,4.218292993,4.559374359,4.182023011,4.477411565,196350984.8381556,845245666.2676374
Dec-14-2019,3.978830128,4.253482477,3.978173177,4.218778149,200272502.18736959,783921614.9733284
Dec-13-2019,4.099609,4.199940589,3.975706881,3.982850254,210698090.5011297,777956214.2896018
Dec-12-2019,3.82408551,4.145154245,3.778292359,4.101318624,218659605.81931794,750221259.7643502
Dec-11-2019,3.586730966,3.820695703,3.571981211,3.817997926,190805685.52730906,696575282.788743
Dec-10-2019,3.675204042,3.715156071,3.538710172,3.586730966,206101027.33705002,691748601.1564487
Dec-09-2019,3.93481209,3.941302222,3.669507697,3.673546297,204380792.99916402,729961508.157562
Dec-08-2019,3.776059843,3.967745439,3.709732781,3.923751299,201383885.08173937,730250237.3967127
Dec-07-2019,3.659694951,3.848149636,3.659694951,3.777349612,195543620.47212046,719840368.2773198
Dec-06-2019,3.50618523,3.674293493,3.480595276,3.657776435,175034738.93062374,679459722.7725524
Dec-05-2019,3.571745743,3.608020913,3.439300089,3.496190537,167782372.20622703,674281755.1233195
Dec-04-2019,3.681975665,3.742073274,3.458914484,3.58405709,159089086.73305735,684339487.5791858
Dec-03-2019,3.664954524,3.79126786,3.657271027,3.684143973,146067636.99088863,710107065.4902377
Dec-02-2019,3.780784008,3.886155792,3.620522223,3.664782753,156811831.89024505,712364387.01158
Dec-01-2019,3.901656945,3.915614191,3.671361852,3.808491565,157188311.06444624,718272889.8598607
Nov-30-2019,4.000808804,4.064660453,3.829107938,3.899351969,170747757.05811647,750630302.5849465
Nov-29-2019,3.673420922,4.057764221,3.673420922,3.998711083,165016890.10736683,740137704.5004352
Nov-28-2019,3.572909138,3.750256133,3.504946124,3.6763016,154999729.15097713,693103108.3919036
Nov-27-2019,3.480525225,3.750193694,3.302511514,3.572623659,160291989.9254889,672479269.8049166
Nov-26-2019,3.404653897,3.64988996,3.393688885,3.486208503,174976021.52822593,674765570.065757
Nov-25-2019,2.967111473,3.506846338,2.914020497,3.408499905,169444912.52094087,615455196.2058445
Nov-24-2019,3.200154423,3.238355998,2.917361143,2.979603751,135784520.72749966,590956113.6237863
Nov-23-2019,2.909835991,3.206701309,2.845110397,3.20215377,145549936.69782844,576528666.0017369
Nov-22-2019,3.19512731,3.294242111,2.759624537,2.912334255,141388938.45991826,580614358.1173774
Nov-21-2019,3.338611196,3.419487233,3.131526623,3.191578054,117121798.92973714,624173017.7479469
Nov-20-2019,3.471180183,3.557861236,3.310169397,3.329920669,142205276.75071374,648725417.5437021
Nov-19-2019,3.609799322,3.615060478,3.382202481,3.455480568,143069577.384104,660840999.8275898
Nov-18-2019,3.889701917,3.893013064,3.552641004,3.582287428,127259402.73338902,705940877.7961425
Nov-17-2019,3.956909057,3.965094503,3.839273436,3.88842806,127733716.64928646,744825463.6928902
Nov-16-2019,3.921887121,3.958338301,3.860853306,3.958338301,141584213.31280303,745688660.0736275
Nov-15-2019,3.996366446,4.125265303,3.864585059,3.931163009,154498698.7542009,758913194.2618053
Nov-14-2019,3.974475529,3.99436599,3.786821829,3.99436599,146518777.63349462,742745018.132958
Nov-13-2019,4.216893611,4.221922625,3.965419164,3.978753743,165348864.42496467,776460326.6399949
Nov-12-2019,4.347262771,4.347262771,4.043429955,4.217091932,183912850.5770938,796244876.9089872
Nov-11-2019,4.199306112,4.364150847,4.057601386,4.347468268,194497656.10703477,802707731.4035308
Nov-10-2019,3.958615581,4.257025728,3.900114685,4.203637968,163390460.6906801,773922783.0264893
Nov-09-2019,3.801056314,3.971037615,3.801056314,3.960021745,163250690.2328271,743468811.0254288
Nov-08-2019,3.866877502,4.005101355,3.669649079,3.803123482,163454952.08408096,731221054.7672726
Nov-07-2019,3.661125356,3.867223508,3.59107038,3.864657939,146697876.05284402,711176625.6746352
Nov-06-2019,3.753861956,3.875307914,3.587663797,3.661719969,162334474.61317095,711665240.205705
Nov-05-2019,3.608651473,3.7905423,3.540547917,3.763984426,192952242.54795533,702460609.5335453
Nov-04-2019,3.384677835,3.635700801,3.341149879,3.611038436,155423703.65664697,666255240.2490563
Nov-03-2019,3.420334377,3.438334621,3.300850791,3.386442534,147356570.1264079,641423219.9809135
Nov-02-2019,3.260095702,3.458679484,3.259910155,3.421867163,151897165.3299381,640847382.4583608
Nov-01-2019,3.201288071,3.29156644,3.082883796,3.258473831,154279632.4034952,614532967.8902051
Oct-31-2019,3.019880073,3.282067786,3.019880073,3.204130068,153555579.47819123,599440305.5933772
Oct-30-2019,3.14692478,3.182084541,2.965125602,3.019880073,174302418.30550987,584491488.3871262
Oct-29-2019,3.10917699,3.184659224,3.073446725,3.145070897,185971441.35352376,597246749.0654563
Oct-28-2019,3.185666459,3.32209617,3.086530763,3.109196134,223869733.59075317,607720946.6855398
Oct-27-2019,3.081618185,3.279082404,2.982800336,3.181838576,202300338.52696678,596560496.8137747
Oct-26-2019,3.016483646,3.251913965,2.993926849,3.079575621,275786061.18982416,594347804.8021417
Oct-25-2019,2.822411292,3.08678359,2.771398194,2.999544015,152250523.10714605,552156547.0701635
Oct-24-2019,2.679592024,2.835092849,2.651571647,2.827116855,139658484.68688148,519164896.25917137
Oct-23-2019,2.867329822,2.892229297,2.580953974,2.676862516,147233807.30534256,524108334.5856656
Oct-22-2019,2.978797417,3.009085486,2.857887926,2.868873529,145322397.504584,563013180.1382474
Oct-21-2019,2.90490895,2.990972402,2.848424325,2.975977252,138187923.3898232,555542886.893177
Oct-20-2019,2.747316634,2.923648919,2.695992714,2.896627678,126942508.07886498,529014957.79790735
Oct-19-2019,2.743908211,2.786854387,2.70813857,2.746113795,137001420.42648807,525264720.2328659
Oct-18-2019,2.909529148,2.911088951,2.736927264,2.738920873,140982513.1421955,535003246.6841485
Oct-17-2019,2.838152988,2.943648348,2.748920474,2.908707048,141824984.22764808,543758162.0630435
Oct-16-2019,2.939984578,2.939984578,2.730330373,2.839498148,156637950.9141665,538781513.7821312
Oct-15-2019,3.078024392,3.139522636,2.90866285,2.939984578,164196175.39832574,577348450.7097327
Oct-14-2019,2.867979349,3.083813886,2.867738745,3.083813886,165304885.73221177,572185302.0350469
Oct-13-2019,2.831480689,2.910459503,2.811197849,2.868432565,136980906.798431,545160385.9737899
Oct-12-2019,2.81235417,2.855430885,2.779018404,2.837837906,144277968.95432043,537723753.1523287
Oct-11-2019,2.895635931,2.898903223,2.738183727,2.810538745,164414207.64677116,538765953.4310912
Oct-10-2019,2.902685366,2.985342957,2.74252969,2.898279348,176361699.29476827,546135248.692575
Oct-09-2019,2.895361794,2.995636549,2.846271451,2.899611227,166382574.16710043,555875928.684143
Oct-08-2019,2.891859353,3.04614641,2.839513672,2.891880791,176479773.21312124,557787482.7628863
Oct-07-2019,2.642184552,2.937440782,2.566308098,2.893847782,144946847.04379994,519452059.365787
Oct-06-2019,2.761410566,2.775136997,2.591495749,2.642985947,127688738.5158007,509617694.7564426
Oct-05-2019,2.567807338,2.758366274,2.546066074,2.751303317,117189966.777441,502078418.9400978
Oct-04-2019,2.57399692,2.606873489,2.476201736,2.56922543,123638649.37720321,485308724.0763302
Oct-03-2019,2.592649337,2.643938155,2.510830014,2.572643805,127064264.8633282,490400697.4690081
Oct-02-2019,2.538599746,2.603784994,2.430450211,2.594169286,136851609.48895073,479555183.2589165
Oct-01-2019,2.59724656,2.6393774,2.492025827,2.539873657,147978393.07573596,485313289.40304655
Sep-30-2019,2.195195586,2.58379671,2.179936835,2.58379671,127846329.51414993,447402811.61194915
Sep-29-2019,2.264159324,2.273408091,2.11900744,2.196415144,106666761.87459537,417366595.38201255
Sep-28-2019,2.266972595,2.285555743,2.19508538,2.26155995,110124901.97080185,428974250.75785613
Sep-27-2019,2.211898569,2.270288712,2.160721121,2.266972595,130096204.89762208,423086102.4077368
Sep-26-2019,2.298482674,2.340710174,2.083230957,2.211898569,144510517.82444268,429226855.5364343
Sep-25-2019,2.232501542,2.419092401,2.161327477,2.302433662,204133196.62192604,434053559.2921612
Sep-24-2019,2.583717888,2.641224037,2.047451055,2.247955603,142483597.5796379,470829818.4729354
Sep-23-2019,2.908000664,2.908000664,2.58798043,2.58798043,124984428.05665359,529426184.42261803
Sep-22-2019,3.065534675,3.065620131,2.810329241,2.899252283,138428748.13684922,551366638.0749696
Sep-21-2019,3.180318174,3.278671574,3.037122349,3.065534675,150643612.7504497,597255223.2990818
Sep-20-2019,3.13290615,3.244852138,3.075517133,3.184166392,164592518.2072682,600817812.3765858
Sep-19-2019,3.295234119,3.295234119,2.945898218,3.121216121,165244315.68518466,590535890.2980406
Sep-18-2019,3.294413399,3.381643266,3.264545835,3.296883452,172671802.82175225,632713304.3689959
Sep-17-2019,3.319050194,3.420591786,3.225773882,3.291142819,168775179.46008068,632004226.7086511
Sep-16-2019,3.432283063,3.549842937,3.15310793,3.306194029,181025210.2740645,640478134.1561848
Sep-15-2019,3.099661135,3.525341116,3.099661135,3.432283063,195524826.95842567,646016311.2664413
Sep-14-2019,3.166301883,3.219622954,2.993198946,3.098893832,173302551.87560144,592328039.6291165
Sep-13-2019,3.073207487,3.26140538,3.002854307,3.159690244,216160110.10541365,597504706.4171457
Sep-12-2019,2.568318229,3.176224847,2.5055941,3.07149196,151518019.31313697,520927117.7314394
Sep-11-2019,2.571678186,2.684396448,2.421067638,2.565699222,165862434.01530066,481668073.9871707
Sep-10-2019,2.740262624,2.925804052,2.537143,2.575161873,205244797.1242148,524555527.37903094
Sep-09-2019,2.722467243,2.939613429,2.449533452,2.738364335,219566468.554886,514035855.96365726
Sep-08-2019,2.163300849,2.72778028,2.157915572,2.722420837,179686809.51530442,466671143.69043666
Sep-07-2019,2.038418269,2.278866819,2.038418269,2.161430842,142626613.13271493,411447552.21502197
Sep-06-2019,1.953096889,2.221666836,1.951534286,2.039575509,119139606.21884422,386149004.9679051
Sep-05-2019,2.039794542,2.043717443,1.911192853,1.952034934,107680483.74578667,373016698.36108404
Sep-04-2019,2.161236827,2.161236827,2.030282155,2.039794542,101556983.99028832,395169584.07776344
Sep-03-2019,2.122649275,2.219233146,2.118598166,2.164593961,120444487.13231298,414935279.0054153
Sep-02-2019,2.131201753,2.167875427,2.064511133,2.131918298,109455871.2009891,402531399.2765685
Sep-01-2019,2.027681376,2.220702212,2.011900523,2.131201753,105118769.55854376,395244516.4942568
Aug-31-2019,2.159352897,2.16769222,2.002701234,2.028841527,87998900.16656402,397409346.74665034
Aug-30-2019,2.17343056,2.224263097,2.108811521,2.159352897,104862834.80556364,414793638.3465558
Aug-29-2019,2.336204187,2.336204187,2.168515933,2.175701572,113948790.09042338,422930430.42156947
Aug-28-2019,2.584527071,2.600168792,2.327863226,2.355837488,102888130.19557606,472894373.47989607
Aug-27-2019,2.632212252,2.646524171,2.518515964,2.577862388,86193498.0529374,488847020.0183221
Aug-26-2019,2.631275314,2.700511537,2.597116252,2.626595204,99166170.29592183,505936396.5694517
Aug-25-2019,2.692864703,2.741538177,2.616032395,2.629775167,104117083.79934701,511230300.3383267
Aug-24-2019,2.687797494,2.731968653,2.607187695,2.69078926,105506987.66419546,509529183.0481836
Aug-23-2019,2.714137843,2.761259715,2.577805288,2.698953621,98909356.1307074,514495698.7028806
Aug-22-2019,2.666177868,2.735146081,2.582070571,2.723321674,73964894.42370336,506303528.31573653
Aug-21-2019,2.869418251,2.878854273,2.611031393,2.656860329,109056508.02439535,518566724.57353836
Aug-20-2019,2.900536585,2.921407235,2.78093668,2.875063761,106174710.44612862,544433633.5494038
Aug-19-2019,2.981428222,2.981428222,2.852863492,2.906104116,112383907.28776868,554386613.1952924
Aug-18-2019,2.911858922,2.9915334,2.87352759,2.964606276,104491465.98581024,557259169.4007968
Aug-17-2019,2.929802859,2.942881915,2.844193071,2.897435572,109790102.4714295,551973931.1353593
Aug-16-2019,2.897074218,3.005922108,2.829920318,2.934636605,119923879.16206846,559519204.3419836
Aug-15-2019,2.872745759,2.987822893,2.725838553,2.892738436,133947557.67556955,548278077.8758152
Aug-14-2019,3.254101255,3.296407375,2.870778525,2.870778525,125991543.15233754,600345066.2007459
Aug-13-2019,3.33682804,3.345514708,3.162646999,3.252898211,124279826.9522176,623735059.0927755
Aug-12-2019,3.541613866,3.644850459,3.361504814,3.361504814,130512013.42387694,660127299.061295
Aug-11-2019,3.345993499,3.540440335,3.308097106,3.536526339,134936514.31379837,644807161.7377459
Aug-10-2019,3.145017202,3.369183825,3.145017202,3.350588862,128036239.1856701,619026850.7896466
Aug-09-2019,3.271540146,3.310592369,3.091594862,3.140170653,118540624.26422197,605141139.0801634
Aug-08-2019,3.489810601,3.498430444,3.193897805,3.270682821,118040949.69419634,645754133.7141979
Aug-07-2019,3.560271943,3.67902233,3.476498318,3.491653546,118006701.97826108,679126135.424125
Aug-06-2019,3.765012096,3.765030011,3.52565913,3.562068796,126794057.36299866,696052778.4019351
Aug-05-2019,3.593010906,3.848596615,3.593010906,3.766900746,107219578.6517437,705532533.5112098
Aug-04-2019,3.69867796,3.759248753,3.588714985,3.598366103,98870996.8154161,692453863.3857222
Aug-03-2019,3.650163731,3.767704445,3.635095105,3.697581809,111275507.70176049,708258732.0140302
Aug-02-2019,3.541469437,3.875368513,3.513862803,3.654234482,95953722.91219738,696069661.8025548
Aug-01-2019,3.656721739,3.663055373,3.476063265,3.537635271,97719708.64336689,677632302.112329
Jul-31-2019,3.600141303,3.755184897,3.584586479,3.644223787,121663961.23641801,700511788.3385797
Jul-30-2019,3.610593578,3.645032664,3.522470269,3.580781575,123047847.79697609,682362189.7478199
Jul-29-2019,3.619416412,3.675610304,3.55489676,3.610585258,127266722.348339,687927381.8774292
Jul-28-2019,3.623128744,3.672663747,3.51336234,3.613485552,123787699.66087174,691377850.2463794
Jul-27-2019,3.895088651,3.992376385,3.589540841,3.633632787,129131184.43108441,718042640.1145341
Jul-26-2019,3.8088078,3.91317249,3.722605298,3.89118999,126541697.15315604,729069930.0533555
Jul-25-2019,3.899190764,4.019746048,3.807720988,3.834612148,144575624.31575286,742913461.6135787
Jul-24-2019,3.718433153,4.046215783,3.630995743,3.906049416,139265236.72727194,720059928.2206645
Jul-23-2019,3.998326377,3.998326377,3.719309774,3.725562851,129967267.10162069,734812554.9143447
Jul-22-2019,4.222989744,4.336782169,3.92069249,3.99561485,170029186.19849947,787652218.4605448
Jul-21-2019,4.052713626,4.315345685,3.993506348,4.214341445,195313903.28765702,788445635.0354098
Jul-20-2019,3.926051875,4.173433493,3.926051875,4.05276507,190169645.43140185,772661294.7345124
Jul-19-2019,4.112230996,4.155629057,3.830869028,3.925996919,191981612.71958157,751856456.3207488
Jul-18-2019,3.820039467,4.132653968,3.71111013,4.112148376,206244911.54059827,752634802.191611
Jul-17-2019,3.654319314,3.988112231,3.597658676,3.814769,192450984.80566442,726820419.9319054
Jul-16-2019,4.155324718,4.212737439,3.587973329,3.680549639,218190686.7645961,761400420.2369177
Jul-15-2019,3.826670672,4.401252372,3.619008633,4.175180779,259682655.09118438,745252902.6577667
Jul-14-2019,4.291449966,4.291450702,3.864621622,3.864621622,215824236.98692828,777919370.4126512
Jul-13-2019,4.227905597,4.479061455,4.082983502,4.279801718,286257321.56418246,828554549.2160147
Jul-12-2019,4.363131011,4.601439461,4.151177651,4.178442556,276850912.1010166,845088387.244585
Jul-11-2019,4.48437492,4.613238059,4.127344193,4.362079922,183878329.50904813,826986377.3016074
Jul-10-2019,5.004525343,5.004525343,4.253309266,4.478377262,134913373.37593833,889657467.0023581
Jul-09-2019,5.178196815,5.181698627,4.908267309,5.002186103,93267437.1860942,960877200.6343424
Jul-08-2019,5.406035176,5.422008749,5.11710262,5.172040357,65833111.178199254,1010547377.2021344
Jul-07-2019,5.315405972,5.418085902,5.225320813,5.402027604,63031470.08510535,1010872349.066195
Jul-06-2019,5.363396674,5.491190444,5.269440943,5.318845634,76230953.45129399,1025376272.4840813
Jul-05-2019,5.504344315,5.504344315,5.35579781,5.35579781,80173413.94587256,1033839315.5681711
Jul-04-2019,5.591063793,5.76450055,5.50112171,5.50112171,88590133.08609018,1065361290.3621507
Jul-03-2019,5.346059459,5.618170018,5.321795477,5.614197775,98802170.59931448,1035959102.7416049
Jul-02-2019,5.48835202,5.650883725,5.167007233,5.342470872,112765921.14954235,1023040115.3412478
Jul-01-2019,5.471667949,5.724139162,5.177336639,5.491174859,96409919.18849741,1045567006.1874424
Jun-30-2019,6.171396536,6.185511151,5.49766346,5.49766346,99835068.57520267,1107598284.2132733
Jun-29-2019,5.970423574,6.214052,5.680695843,6.161649953,99278703.79779847,1143535536.1317298
Jun-28-2019,5.544401444,6.005297477,5.446226681,5.962695429,129647738.26620808,1095200269.5824556
Jun-27-2019,6.388931676,6.409026976,5.381788514,5.495101899,139182314.29160178,1118500329.6373134
Jun-26-2019,6.57914223,6.855472811,6.297690077,6.404618478,94694945.05076446,1273477770.314916
Jun-25-2019,6.653439133,6.718725622,6.50596363,6.585756006,79919921.94631654,1257894643.501549
Jun-24-2019,6.846353197,6.846353197,6.561048208,6.645895262,72341282.58767322,1274524884.2211895
Jun-23-2019,6.71538559,7.160156921,6.666020838,6.853296902,85079373.4679211,1321469285.9409404
Jun-22-2019,6.570348573,6.85276599,6.527184015,6.699231566,82653553.59892869,1275660557.5615537
Jun-21-2019,6.553631981,6.625744315,6.404623098,6.563482864,78273517.6454556,1243423567.7463071
Jun-20-2019,6.683113462,6.73562615,6.392849935,6.553631981,60068704.81422724,1242128240.6883345
Jun-19-2019,6.62553327,6.839704818,6.62553327,6.67479674,60945158.130751915,1279778773.361962
Jun-18-2019,7.017602441,7.034253162,6.526047101,6.626257433,75400764.55410083,1282000503.2789636
Jun-17-2019,6.751981278,7.105315253,6.519257071,7.018016637,87146120.19249603,1293155524.9666173
Jun-16-2019,6.225274104,6.765251709,6.188251531,6.765251709,62599211.23618439,1212602601.77362
Jun-15-2019,6.294556416,6.319693783,6.172636073,6.2232192,59843344.93374974,1191234705.5272782
Jun-14-2019,6.333457796,6.333457796,5.9532741,6.30135592,66081571.71634817,1179726581.675693
Jun-13-2019,6.151532278,6.544280391,6.100391713,6.311132844,58226895.26927561,1196217136.2737305
Jun-12-2019,5.994035056,6.291892314,5.932107442,6.123794755,52880415.7371406,1167026763.7620654
Jun-11-2019,6.112231452,6.126752925,5.854536104,5.986584949,53262719.28725703,1138816760.5550964
Jun-10-2019,5.917493195,6.106258107,5.793245001,6.106258107,58574102.57324365,1138466028.0318022
Jun-09-2019,6.17643822,6.240449169,5.847604541,5.907529968,51572929.92680522,1155290491.417753
Jun-08-2019,6.356773843,6.363934576,6.047690397,6.175104883,75662899.25941864,1181349264.4439223
Jun-07-2019,6.039676995,6.535884782,5.94412824,6.362090013,91168857.52064407,1188947946.3259254
Jun-06-2019,6.224713136,6.224713136,5.722451498,6.062284708,87349517.5861957,1147301396.523139
Jun-05-2019,5.999244488,6.310865868,5.751262615,6.218394136,118496096.87072758,1159957255.7915926
Jun-04-2019,6.723205649,6.935072579,5.928761834,5.974409387,193063028.95455357,1226501273.4997778
Jun-03-2019,6.426538535,7.304693292,6.192372597,6.73667744,155613868.0968653,1281902950.1819239
Jun-02-2019,5.820822375,6.415067814,5.641806023,6.415067814,78924316.10415596,1133158182.3569746
Jun-01-2019,5.784189204,6.304506844,5.739543406,5.838404767,140978741.85402638,1139771017.9491782
May-31-2019,5.989482393,5.989482393,5.34821917,5.79137323,223043732.86642122,1079279946.959609
May-30-2019,4.694192227,6.521633692,4.683256864,5.969187402,157676093.5184166,1061760980.258149
May-29-2019,4.774588417,4.81190995,4.549839127,4.705502582,50544040.81256299,894112527.2660328
May-28-2019,4.692545686,4.81646636,4.514260267,4.795960275,68465677.41963126,882021795.9545808
May-27-2019,4.570769709,4.724936512,4.498797305,4.699358164,60282665.92303664,880767457.3199888
May-26-2019,4.42366809,4.576601937,4.314264322,4.564886388,36515778.870552406,842911878.4822439
May-25-2019,4.503514974,4.617001728,4.368614568,4.415858947,63954727.77134328,860848753.8094947
May-24-2019,4.355531327,4.753068342,4.319606135,4.52658327,57095662.05082176,857960742.2737178
May-23-2019,4.372726148,4.396469882,4.165851726,4.349687302,50660178.50808335,811914994.635323
May-22-2019,4.766309537,4.813916138,4.391075936,4.391075936,47987898.59141496,876022861.7915065
May-21-2019,4.719761216,4.805286758,4.545354136,4.775853115,52942905.857150115,892189583.3825842
May-20-2019,4.900469914,4.900469914,4.550133039,4.749974227,67461040.42704739,902015183.5073247
May-19-2019,4.770251097,5.144696031,4.714722365,4.900888609,76784757.1861619,942369384.7518752
May-18-2019,4.445994609,4.978490344,4.367982854,4.774024177,85123272.22802456,892857445.3396972
May-17-2019,4.301738138,4.772928699,4.01001452,4.429251068,94768107.51354644,844240241.5362834
May-16-2019,4.517598695,4.743183932,4.077743493,4.272187641,85396854.05739184,828911353.588906
May-15-2019,4.01371232,4.584596636,4.008238793,4.517412792,69780261.03170039,812758352.771893
May-14-2019,3.942711987,4.09033109,3.830986476,4.016716738,69895702.08428474,751710764.270575
May-13-2019,3.802132563,4.174083802,3.795005005,3.950812548,50037301.80731196,760109214.2963369
May-12-2019,4.000751709,4.063473786,3.723578107,3.813537471,63679066.652283005,742925288.7067504
May-11-2019,3.847074656,4.168459485,3.740776066,4.057248009,51967361.02112697,761105660.0824931
May-10-2019,3.89857129,4.088772382,3.696406585,3.837902086,65738722.7058576,737708906.9627959
May-09-2019,4.369702149,4.454200457,3.532721219,3.904361604,54647089.70917324,772968346.9931531
May-08-2019,4.616657488,4.616657488,4.273818771,4.369677174,50859952.55325841,846527656.9026245
May-07-2019,4.732914332,4.957717743,4.644261366,4.645994011,53785169.99312054,914029351.7690588
May-06-2019,4.840697648,4.85390551,4.531120121,4.736129278,65794634.507847324,899093301.0219924
May-05-2019,5.251287934,5.251287934,4.803739359,4.852512927,108743596.21036072,944332486.0248547
May-04-2019,5.285944203,5.540230409,4.812694796,5.267574993,172296917.4062317,989755922.8299338
May-03-2019,4.594744356,5.297458508,4.578040569,5.2809504,126264308.80118617,937156152.7580632
May-02-2019,4.385668926,4.613211249,4.237994882,4.583597726,90904164.35856782,851854000.0785354
May-01-2019,3.904716555,4.611827901,3.886508755,4.386082648,73353515.82498963,822596164.0711454
Apr-30-2019,3.771328072,4.047995343,3.771328072,3.910853668,65108541.70132443,825331221.6783164
Apr-29-2019,4.497513982,4.697636511,3.720043037,3.757115862,102931724.32251786,849406031.7942438
Apr-28-2019,3.446661221,5.070415743,3.408110671,4.434641313,58466145.403309695,893580374.8614694
Apr-27-2019,3.663080057,3.683918371,3.397845784,3.451681305,27298072.010282822,751211165.1345135
Apr-26-2019,3.315416766,3.821051996,3.18393647,3.667570163,38980052.54939507,743509501.7936561
Apr-25-2019,3.744220617,3.823828185,3.258260082,3.323993602,41952533.04630099,733074772.4798081
Apr-24-2019,4.119056869,4.146579095,3.115064765,3.632289065,47165516.99920233,750049317.4047984
Apr-23-2019,4.147877622,5.308649175,4.11543608,4.11543608,44718013.25802898,990648054.9192148
Apr-22-2019,5.362399397,8.640026317,3.291472051,4.044877191,3409694.9191306946,1244000785.2642872
Apr-21-2019,5.853664486,6.058543198,4.454186872,5.259770469,2110929.4084123615,1266567566.357469
Apr-20-2019,5.0981211,5.858614957,4.933299013,5.858614957,2192128.2934458847,1262140357.7156618
Apr-19-2019,4.362478096,5.178710072,4.212430881,5.081285766,1767172.423960518,1117857955.6087074
Apr-18-2019,4.324417255,4.409540712,4.281408874,4.362030532,4245797.198512776,1022098894.386529
Apr-17-2019,4.371873378,4.571574791,4.204379078,4.324417255,2085883.6408179232,1026306666.9723846
Apr-16-2019,4.172321172,4.611216954,4.089418686,4.412181742,2308253.06319954,0
Apr-15-2019,4.47606217,4.533778138,4.1187011,4.192763494,2069236.0929584282,0
Apr-14-2019,4.405805461,4.600538443,4.194243999,4.474357204,1897493.760536956,0
Apr-13-2019,4.148631515,4.458279695,4.148631515,4.401870398,2468270.178153589,0
Apr-12-2019,3.958068988,4.32343522,3.855571003,4.211022268,2279177.1187403337,0
Apr-11-2019,4.480981045,4.868150228,3.878611942,3.943612116,2133553.4508333043,0
Apr-10-2019,5.756884586,5.756884586,4.25711688,4.478765332,1680101.1038161765,0
Apr-09-2019,9.258520708,9.326344987,3.274617771,5.759843947,1466609.45740071,0
Apr-08-2019,6.081830679,9.350112528,5.728510746,9.294477728,1665220.7733044939,0
Apr-07-2019,5.390961616,6.171653199,5.271488095,6.081830679,2637228.3363096737,0
Apr-06-2019,4.531376316,5.52360523,4.423647255,5.39385496,2320911.5594593156,0
Apr-05-2019,3.969998707,4.566395596,3.841118889,4.533876291,2077127.0051131335,0
Apr-04-2019,3.989755756,4.19253815,3.439720738,3.972305953,1983890.2064289253,0
Apr-03-2019,3.947759698,4.813760018,3.499078245,3.997502972,1181584.0095895352,0
Apr-02-2019,4.244471863,5.093402246,3.422483802,3.947759698,603887.4995810054,0
Apr-01-2019,4.470479883,4.534478364,3.375347238,4.256665022,634915.0500868408,0
Mar-31-2019,3.302849818,4.501511453,3.25983525,4.436271231,254892.01959210375,0
Mar-30-2019,3.370623592,3.433686051,3.280839654,3.302917228,137173.71527848707,0
Mar-29-2019,4.548338067,4.59104871,3.370619609,3.370619609,317675.13498427987,0
Mar-28-2019,4.627799065,5.03695391,4.297385642,4.55343068,937200.9581896282,0
Mar-27-2019,4.294669869,4.629693283,3.582320251,4.627799065,2149345.9543847647,0
Mar-26-2019,4.062474375,4.357078815,3.756035774,4.288518345,2414954.640039901,0
Mar-25-2019,4.703452274,5.038184914,3.757023834,4.059137107,1454330.7323400383,0
Mar-24-2019,3.683612556,4.97085882,3.258001665,4.703452274,1579730.7094649477,0
Mar-23-2019,3.606630065,3.802080658,3.307380218,3.64842554,1640070.3750260994,0
Mar-22-2019,3.748291236,3.779273525,3.346138685,3.578594519,1588177.5132267359,0
Mar-21-2019,4.289665565,4.331578902,3.507919036,3.66029581,1132890.296842159,0
Mar-20-2019,4.288470493,4.574102389,3.755952541,4.248344836,400604.9862048869,0
Mar-19-2019,4.321216318,4.451038268,4.241298243,4.288470493,382352.57750429463,0
Mar-18-2019,3.98377198,4.519992895,3.879724814,4.24791549,880054.2599543761,0
Mar-17-2019,5.510958215,5.510958215,3.836527666,3.879724814,838269.579739058,0
Mar-16-2019,6.175058738,6.176681968,4.967798173,5.450117236,1165465.6837509747,0
Mar-15-2019,6.526641766,7.619947061,6.096989716,6.181090734,4804437.31295192,0
Mar-14-2019,6.439715039,6.639943217,6.353962902,6.524110535,7548415.051282051,0